video_id,participant_id,class_id,noun_key,object_name,category,first_frame,first_timestamp,last_frame,last_timestamp,total_frames,duration_seconds
P01_01,P01,223,celery,celery,vegetables,965,16.08,22076,367.93,29,351.85
P01_01,P01,41,carrot,carrot,vegetables,1115,18.58,38410,640.17,32,621.58
P01_01,P01,81,tofu,tofu,meat and substitute,1385,23.08,52973,882.88,3,859.80
P01_01,P01,76,courgette,courgette,vegetables,1790,29.83,22076,367.93,64,338.10
P01_01,P01,27,water,water,drinks,4026,67.10,98099,1634.98,72,1567.88
P01_01,P01,38,salt,salt,spices and herbs and sauces,16148,269.13,46251,770.85,32,501.72
P01_01,P01,94,vegetable,vegetable,vegetables,22242,370.70,85717,1428.62,188,1057.92
P01_01,P01,16,onion,onion,vegetables,22843,380.72,43313,721.88,22,341.17
P01_01,P01,55,rice,rice,baked goods and grains,49838,830.63,96842,1614.03,70,783.40
P01_01,P01,138,powder,curry powder,spices and herbs and sauces,86458,1440.97,86458,1440.97,1,0.00
P01_03,P01,64,milk,soy milk,dairy and eggs,769,12.82,3906,65.10,14,52.28
P01_03,P01,99,cereal,cereal,baked goods and grains,6122,102.03,6122,102.03,1,0.00
P01_05,P01,30,potato,potato,vegetables,9042,150.70,75402,1256.70,61,1106.00
P01_05,P01,27,water,water,drinks,10479,174.65,73579,1226.32,85,1051.67
P01_05,P01,38,salt,salt,spices and herbs and sauces,24537,408.95,24537,408.95,1,0.00
P01_05,P01,86,sausage,sausage,meat and substitute,27007,450.12,75402,1256.70,95,806.58
P01_05,P01,33,bread,bread,baked goods and grains,29401,490.02,31423,523.72,16,33.70
P01_05,P01,254,fruit,fruit,fruits and nuts,38563,642.72,41283,688.05,10,45.33
P01_05,P01,31,oil,olive oil,spices and herbs and sauces,73957,1232.62,73957,1232.62,1,0.00
P01_05,P01,277,rosemary,rosemary,spices and herbs and sauces,74614,1243.57,75571,1259.52,9,15.95
P01_07,P01,64,milk,soy milk,dairy and eggs,6855,114.25,9257,154.28,7,40.03
P01_07,P01,99,cereal,cereal,baked goods and grains,8629,143.82,9536,158.93,4,15.12
P01_09,P01,64,milk,soy milk,dairy and eggs,515,8.58,2044,34.07,13,25.48
P01_09,P01,30,potato,potato,vegetables,898,14.97,176890,2948.17,72,2933.20
P01_09,P01,27,water,water,drinks,5149,85.82,200662,3344.37,62,3258.55
P01_09,P01,195,yeast,yeast,baked goods and grains,7359,122.65,19872,331.20,61,208.55
P01_09,P01,75,flour,flour,baked goods and grains,7690,128.17,148873,2481.22,61,2353.05
P01_09,P01,38,salt,salt,spices and herbs and sauces,11678,194.63,143200,2386.67,29,2192.03
P01_09,P01,31,oil,oil,spices and herbs and sauces,12076,201.27,144121,2402.02,26,2200.75
P01_09,P01,25,dough,dough,baked goods and grains,20090,334.83,158379,2639.65,174,2304.82
P01_09,P01,16,onion,onion,vegetables,61189,1019.82,163076,2717.93,93,1698.12
P01_09,P01,56,mushroom,mushroom,vegetables,68286,1138.10,177442,2957.37,87,1819.27
P01_09,P01,67,aubergine,aubergine,vegetables,80062,1334.37,159388,2656.47,112,1322.10
P01_09,P01,83,olive,olive,fruits and nuts,95739,1595.65,179552,2992.53,68,1396.88
P01_09,P01,32,cheese,mozzarella,dairy and eggs,123794,2063.23,158379,2639.65,37,576.42
P01_09,P01,71,mixture,mixture,prepared food,139406,2323.43,145941,2432.35,31,108.92
P01_09,P01,91,pizza,pizza,prepared food,146163,2436.05,214098,3568.30,90,1132.25
P01_09,P01,47,sauce,sauce,spices and herbs and sauces,152616,2543.60,158379,2639.65,38,96.05
P01_09,P01,231,beer,beer,drinks,165588,2759.80,203876,3397.93,12,638.13
P01_09,P01,201,basil,basil plant,spices and herbs and sauces,203876,3397.93,204843,3414.05,7,16.12
P01_09,P01,62,leaf,basil leaf,vegetables,204727,3412.12,204727,3412.12,1,0.00
P01_103,P01,27,water,water,drinks,3667,61.12,3946,65.77,4,4.65
P01_103,P01,99,cereal,cereal,baked goods and grains,5042,84.03,6242,104.03,15,20.00
P01_103,P01,64,milk,soy milk,dairy and eggs,6326,105.43,7418,123.63,19,18.20
P01_104,P01,27,water,water,drinks,1188,19.80,11526,192.10,58,172.30
P01_107,P01,64,milk,soy milk,dairy and eggs,900,15.00,4821,80.35,55,65.35
P01_107,P01,33,bread,bread,baked goods and grains,1694,28.23,2926,48.77,18,20.53
P01_107,P01,99,cereal,cereal,baked goods and grains,2101,35.02,3529,58.82,20,23.80
P01_14,P01,64,milk,soy milk,dairy and eggs,3814,63.57,4300,71.67,5,8.10
P01_14,P01,45,pasta,pasta,baked goods and grains,7869,131.15,81005,1350.08,84,1218.93
P01_14,P01,56,mushroom,mushroom,vegetables,7869,131.15,7869,131.15,1,0.00
P01_14,P01,67,aubergine,aubergine,vegetables,9286,154.77,47409,790.15,79,635.38
P01_14,P01,32,cheese,mozzarella,dairy and eggs,9705,161.75,67509,1125.15,17,963.40
P01_14,P01,47,sauce,tomato sauce,spices and herbs and sauces,10904,181.73,54848,914.13,13,732.40
P01_14,P01,31,oil,olive oil,spices and herbs and sauces,12553,209.22,19202,320.03,10,110.82
P01_14,P01,27,water,water,drinks,19881,331.35,78921,1315.35,18,984.00
P01_14,P01,16,onion,onion,vegetables,24565,409.42,40342,672.37,30,262.95
P01_14,P01,38,salt,salt,spices and herbs and sauces,40797,679.95,40889,681.48,3,1.53
P01_14,P01,34,food,food,prepared food,47862,797.70,66082,1101.37,31,303.67
P01_14,P01,192,wine,wine,drinks,58148,969.13,59243,987.38,8,18.25
P02_01,P02,99,cereal,cereal,baked goods and grains,2481,41.35,5342,89.03,12,47.68
P02_01,P02,64,milk,milk,dairy and eggs,3944,65.73,8860,147.67,14,81.93
P02_01,P02,102,sugar,sugar,spices and herbs and sauces,5587,93.12,9595,159.92,9,66.80
P02_01,P02,59,coffee,coffee,drinks,5832,97.20,12433,207.22,27,110.02
P02_01,P02,27,water,water,drinks,6939,115.65,7006,116.77,3,1.12
P02_02,P02,227,roll,bag roll,baked goods and grains,1186,19.77,1256,20.93,2,1.17
P02_02,P02,27,water,water,drinks,2909,48.48,12041,200.68,33,152.20
P02_02,P02,150,liquid,liquid,other,3275,54.58,3275,54.58,1,0.00
P02_03,P02,27,water,water,drinks,797,13.28,68260,1137.67,54,1124.38
P02_03,P02,98,yoghurt,yoghurt,dairy and eggs,4418,73.63,4418,73.63,1,0.00
P02_03,P02,101,broccoli,broccoli,vegetables,4418,73.63,62734,1045.57,72,971.93
P02_03,P02,16,onion,onion,vegetables,14325,238.75,60621,1010.35,106,771.60
P02_03,P02,38,salt,salt,spices and herbs and sauces,31449,524.15,47206,786.77,10,262.62
P02_03,P02,31,oil,oil,spices and herbs and sauces,31558,525.97,72074,1201.23,14,675.27
P02_03,P02,133,nut,pine nut,fruits and nuts,32616,543.60,61812,1030.20,37,486.60
P02_03,P02,34,food,food,prepared food,33305,555.08,69006,1150.10,43,595.02
P02_03,P02,45,pasta,pasta,baked goods and grains,39479,657.98,74684,1244.73,63,586.75
P02_03,P02,47,sauce,pesto,spices and herbs and sauces,40032,667.20,62704,1045.07,45,377.87
P02_03,P02,32,cheese,cheese,dairy and eggs,40032,667.20,61648,1027.47,49,360.27
P02_03,P02,51,garlic,garlic,vegetables,51607,860.12,51845,864.08,6,3.97
P02_03,P02,57,chicken,chicken piece,meat and substitute,52884,881.40,62142,1035.70,11,154.30
P02_07,P02,261,ring:onion,onion ring,prepared food,878,14.63,2243,37.38,19,22.75
P02_07,P02,30,potato,curled fries,vegetables,1172,19.53,2199,36.65,17,17.12
P02_07,P02,139,burger,burger,meat and substitute,1172,19.53,2199,36.65,17,17.12
P02_07,P02,47,sauce,mayonnaise,spices and herbs and sauces,3086,51.43,6397,106.62,30,55.18
P02_09,P02,75,flour,flour,baked goods and grains,992,16.53,25795,429.92,73,413.38
P02_09,P02,195,yeast,yeast,baked goods and grains,1046,17.43,37196,619.93,16,602.50
P02_09,P02,38,salt,salt,spices and herbs and sauces,1720,28.67,10602,176.70,21,148.03
P02_09,P02,31,oil,olive oil,spices and herbs and sauces,1912,31.87,69046,1150.77,24,1118.90
P02_09,P02,102,sugar,sugar,spices and herbs and sauces,4468,74.47,9105,151.75,15,77.28
P02_09,P02,27,water,water,drinks,4874,81.23,127060,2117.67,67,2036.43
P02_09,P02,71,mixture,mixture,prepared food,16752,279.20,33290,554.83,64,275.63
P02_09,P02,16,onion,onion,vegetables,45920,765.33,88921,1482.02,115,716.68
P02_09,P02,28,meat,meat,meat and substitute,62395,1039.92,131428,2190.47,156,1150.55
P02_09,P02,62,leaf,herb,vegetables,74047,1234.12,123645,2060.75,8,826.63
P02_09,P02,37,pepper,pepper,vegetables,74687,1244.78,122871,2047.85,5,803.07
P02_09,P02,206,paprika,paprika,spices and herbs and sauces,75454,1257.57,76291,1271.52,3,13.95
P02_09,P02,51,garlic,garlic,vegetables,80130,1335.50,80130,1335.50,1,0.00
P02_09,P02,95,stock,stock,spices and herbs and sauces,97900,1631.67,103015,1716.92,31,85.25
P02_09,P02,150,liquid,liquid,other,110603,1843.38,110603,1843.38,1,0.00
P02_09,P02,180,cellar:salt,pepper package,containers,122504,2041.73,123576,2059.60,7,17.87
P02_101,P02,59,coffee,coffee pod,drinks,276,4.60,11746,195.77,23,191.17
P02_101,P02,64,milk,milk,dairy and eggs,1155,19.25,1484,24.73,8,5.48
P02_101,P02,33,bread,bread,baked goods and grains,2459,40.98,10330,172.17,48,131.18
P02_101,P02,115,spreads,jam,prepared food,4394,73.23,10330,172.17,31,98.93
P02_101,P02,78,butter,butter,dairy and eggs,4452,74.20,10330,172.17,41,97.97
P02_101,P02,27,water,water,drinks,10546,175.77,11175,186.25,4,10.48
P02_102,P02,98,yoghurt,yoghurt,dairy and eggs,271,4.52,1361,22.68,11,18.17
P02_102,P02,53,egg,egg,dairy and eggs,354,5.90,1296,21.60,14,15.70
P02_102,P02,105,lemon,lemon,fruits and nuts,354,5.90,1700,28.33,15,22.43
P02_102,P02,64,milk,milk,dairy and eggs,584,9.73,937,15.62,9,5.88
P02_102,P02,32,cheese,cheese,dairy and eggs,3334,55.57,3767,62.78,10,7.22
P02_102,P02,28,meat,meat,meat and substitute,3976,66.27,10451,174.18,50,107.92
P02_102,P02,34,food,food,prepared food,4296,71.60,4296,71.60,1,0.00
P02_102,P02,31,oil,oil,spices and herbs and sauces,5726,95.43,7498,124.97,14,29.53
P02_102,P02,85,spice,spice,spices and herbs and sauces,8201,136.68,8305,138.42,4,1.73
P02_102,P02,215,thyme,thyme spice,spices and herbs and sauces,8509,141.82,8546,142.43,2,0.62
P02_102,P02,47,sauce,sauce,spices and herbs and sauces,10451,174.18,10451,174.18,1,0.00
P02_107,P02,64,milk,milk,dairy and eggs,1626,27.10,1967,32.78,7,5.68
P02_107,P02,59,coffee,coffee pod,drinks,2005,33.42,5899,98.32,23,64.90
P02_109,P02,27,water,water,drinks,546,9.10,871,14.52,6,5.42
P02_109,P02,16,onion,onion,vegetables,2144,35.73,31996,533.27,76,497.53
P02_109,P02,31,oil,oil,spices and herbs and sauces,17346,289.10,17473,291.22,4,2.12
P02_109,P02,95,stock,stock cube,spices and herbs and sauces,18175,302.92,18930,315.50,5,12.58
P02_109,P02,28,meat,meat,meat and substitute,18573,309.55,33950,565.83,70,256.28
P02_109,P02,51,garlic,garlic,vegetables,23026,383.77,30902,515.03,31,131.27
P02_12,P02,28,meat,meat,meat and substitute,241,4.02,59832,997.20,159,993.18
P02_12,P02,62,leaf,herb,vegetables,572,9.53,1108,18.47,6,8.93
P02_12,P02,47,sauce,tahini,spices and herbs and sauces,2624,43.73,5166,86.10,22,42.37
P02_12,P02,98,yoghurt,yoghurt,dairy and eggs,4438,73.97,9761,162.68,18,88.72
P02_12,P02,25,dough,dough,baked goods and grains,17641,294.02,70101,1168.35,440,874.33
P02_12,P02,31,oil,oil,spices and herbs and sauces,22565,376.08,68392,1139.87,148,763.78
P02_12,P02,137,pie,pie,baked goods and grains,40121,668.68,77089,1284.82,125,616.13
P02_12,P02,215,thyme,thyme,spices and herbs and sauces,65978,1099.63,70963,1182.72,26,83.08
P02_12,P02,71,mixture,mixture,prepared food,66244,1104.07,70101,1168.35,21,64.28
P02_12,P02,27,water,water,drinks,71864,1197.73,72615,1210.25,3,12.52
P02_12,P02,133,nut,pine nut,fruits and nuts,73611,1226.85,76644,1277.40,19,50.55
P02_121,P02,71,mixture,mixture,prepared food,8017,133.62,16594,276.57,51,142.95
P02_122,P02,53,egg,egg,dairy and eggs,5326,88.77,17426,290.43,50,201.67
P02_122,P02,37,pepper,pepper,vegetables,6770,112.83,15721,262.02,38,149.18
P02_122,P02,43,tomato,tomato,vegetables,7120,118.67,26656,444.27,51,325.60
P02_122,P02,38,salt,salt,spices and herbs and sauces,14540,242.33,15376,256.27,17,13.93
P02_122,P02,215,thyme,thyme,spices and herbs and sauces,15292,254.87,15376,256.27,5,1.40
P02_122,P02,85,spice,spice,spices and herbs and sauces,16478,274.63,16584,276.40,4,1.77
P02_122,P02,71,mixture,mixture,prepared food,23726,395.43,32605,543.42,29,147.98
P02_122,P02,31,oil,oil,spices and herbs and sauces,25346,422.43,26365,439.42,18,16.98
P02_122,P02,32,cheese,parmesan cheese,dairy and eggs,26656,444.27,32605,543.42,17,99.15
P02_122,P02,162,omelette,omelette,dairy and eggs,34076,567.93,37509,625.15,20,57.22
P02_124,P02,150,liquid,liquid,other,3167,52.78,3692,61.53,8,8.75
P02_124,P02,59,coffee,capsule,drinks,4921,82.02,11476,191.27,17,109.25
P02_124,P02,64,milk,milk,dairy and eggs,7476,124.60,7476,124.60,1,0.00
P02_128,P02,59,coffee,coffee capsule,drinks,396,6.60,3551,59.18,8,52.58
P02_128,P02,64,milk,milk,dairy and eggs,2201,36.68,6176,102.93,15,66.25
P02_128,P02,27,water,water,drinks,2513,41.88,2826,47.10,6,5.22
P02_128,P02,99,cereal,cereal,baked goods and grains,5051,84.18,6176,102.93,10,18.75
P02_130,P02,27,water,water,drinks,271,4.52,50562,842.70,16,838.18
P02_130,P02,104,biscuit,biscuit powder,baked goods and grains,4255,70.92,43884,731.40,114,660.48
P02_130,P02,227,roll,roll,baked goods and grains,17330,288.83,17330,288.83,1,0.00
P02_130,P02,78,butter,butter,dairy and eggs,18776,312.93,29926,498.77,62,185.83
P02_130,P02,138,powder,cocoa powder,spices and herbs and sauces,19217,320.28,29926,498.77,26,178.48
P02_130,P02,64,milk,condensed milk,dairy and eggs,22832,380.53,38984,649.73,19,269.20
P02_130,P02,71,mixture,mixture,prepared food,32926,548.77,51267,854.45,40,305.68
P02_132,P02,137,pie,pie,baked goods and grains,1142,19.03,1792,29.87,12,10.83
P02_132,P02,175,cake,cylinder,baked goods and grains,2884,48.07,2963,49.38,3,1.32
P02_132,P02,188,chocolate,chocolate dessert,prepared food,4042,67.37,9851,164.18,43,96.82
P02_135,P02,33,bread,bagel,baked goods and grains,1451,24.18,12970,216.17,51,191.98
P02_135,P02,59,coffee,coffee,drinks,2050,34.17,12970,216.17,29,182.00
P02_135,P02,64,milk,milk,dairy and eggs,2957,49.28,2988,49.80,2,0.52
P02_135,P02,115,spreads,jam,prepared food,6359,105.98,12484,208.07,34,102.08
P02_135,P02,27,water,water,drinks,7976,132.93,8040,134.00,3,1.07
P03_04,P03,116,squash,squash/squash drink/juice concentrate,vegetables,391,6.52,71401,1190.02,24,1183.50
P03_04,P03,112,salmon,salmon,meat and substitute,391,6.52,1408,23.47,9,16.95
P03_04,P03,57,chicken,chicken,meat and substitute,682,11.37,56692,944.87,56,933.50
P03_04,P03,34,food,food,prepared food,2041,34.02,85101,1418.35,46,1384.33
P03_04,P03,16,onion,onion,vegetables,2280,38.00,72670,1211.17,72,1173.17
P03_04,P03,229,crisp,crisp/chips,prepared food,2526,42.10,2776,46.27,2,4.17
P03_04,P03,125,corn,sweet corn,vegetables,2988,49.80,3424,57.07,3,7.27
P03_04,P03,31,oil,olive oil,spices and herbs and sauces,33194,553.23,63339,1055.65,14,502.42
P03_04,P03,148,paste,garlic paste,spices and herbs and sauces,35781,596.35,63189,1053.15,33,456.80
P03_04,P03,95,stock,stock cube,spices and herbs and sauces,35957,599.28,82344,1372.40,32,773.12
P03_04,P03,27,water,water,drinks,45267,754.45,89322,1488.70,10,734.25
P03_04,P03,85,spice,spice,spices and herbs and sauces,59490,991.50,76775,1279.58,43,288.08
P03_04,P03,37,pepper,pepper,vegetables,60514,1008.57,62913,1048.55,4,39.98
P03_04,P03,64,milk,coconut milk,dairy and eggs,78986,1316.43,82715,1378.58,8,62.15
P03_04,P03,138,powder,granule,spices and herbs and sauces,83966,1399.43,84356,1405.93,4,6.50
P03_05,P03,34,food,food,prepared food,271,4.52,12313,205.22,42,200.70
P03_05,P03,55,rice,rice,baked goods and grains,1830,30.50,7178,119.63,24,89.13
P03_05,P03,38,salt,salt,spices and herbs and sauces,3004,50.07,10826,180.43,3,130.37
P03_05,P03,244,almond,canned almond,fruits and nuts,4466,74.43,7689,128.15,11,53.72
P03_05,P03,27,water,water,drinks,6965,116.08,11322,188.70,5,72.62
P03_10,P03,184,pancake,pancake,baked goods and grains,616,10.27,1040,17.33,5,7.07
P03_10,P03,78,butter,butter,dairy and eggs,2125,35.42,2964,49.40,6,13.98
P03_10,P03,183,juice,juice,drinks,4783,79.72,5071,84.52,4,4.80
P03_101,P03,27,water,water,drinks,157,2.62,26376,439.60,72,436.98
P03_101,P03,78,butter,butter,dairy and eggs,27359,455.98,33901,565.02,33,109.03
P03_101,P03,33,bread,bread slice,baked goods and grains,29796,496.60,33901,565.02,52,68.42
P03_101,P03,32,cheese,cheese,dairy and eggs,32493,541.55,34326,572.10,22,30.55
P03_101,P03,164,sandwich,sandwich,prepared food,33809,563.48,35824,597.07,23,33.58
P03_101,P03,229,crisp,crisp,prepared food,35824,597.07,35824,597.07,1,0.00
P03_11,P03,184,pancake,pancake,baked goods and grains,188,3.13,2704,45.07,21,41.93
P03_11,P03,78,butter,butter,dairy and eggs,1599,26.65,2403,40.05,6,13.40
P03_112,P03,71,mixture,mixture,prepared food,189,3.15,14930,248.83,12,245.68
P03_112,P03,55,rice,rice,baked goods and grains,1651,27.52,4571,76.18,27,48.67
P03_112,P03,38,salt,salt,spices and herbs and sauces,2521,42.02,2724,45.40,4,3.38
P03_112,P03,27,water,water,drinks,8638,143.97,8713,145.22,2,1.25
P03_112,P03,32,cheese,cheese,dairy and eggs,9496,158.27,12230,203.83,11,45.57
P03_113,P03,55,rice,rice,baked goods and grains,938,15.63,5113,85.22,23,69.58
P03_113,P03,27,water,water,drinks,2680,44.67,6251,104.18,15,59.52
P03_113,P03,71,mixture,chilli food,prepared food,3371,56.18,5113,85.22,20,29.03
P03_113,P03,34,food,food,prepared food,6317,105.28,6955,115.92,7,10.63
P03_113,P03,32,cheese,cheese,dairy and eggs,6384,106.40,6955,115.92,6,9.52
P03_120,P03,102,sugar,sugar,spices and herbs and sauces,5422,90.37,5826,97.10,18,6.73
P03_120,P03,78,butter,butter,dairy and eggs,6715,111.92,37386,623.10,206,511.18
P03_120,P03,105,lemon,lemon,fruits and nuts,17667,294.45,23196,386.60,195,92.15
P03_120,P03,27,water,water,drinks,37541,625.68,37616,626.93,4,1.25
P03_123,P03,115,spreads,lemon curd,prepared food,146,2.43,15598,259.97,101,257.53
P03_13,P03,27,water,water,drinks,662,11.03,3223,53.72,9,42.68
P03_14,P03,55,rice,rice,baked goods and grains,3194,53.23,5265,87.75,7,34.52
P03_14,P03,229,crisp,crisp/chips,prepared food,5690,94.83,5947,99.12,4,4.28
P03_17,P03,34,food,food,prepared food,204,3.40,8186,136.43,21,133.03
P03_17,P03,55,rice,rice,baked goods and grains,4622,77.03,6284,104.73,9,27.70
P03_22,P03,209,drink,drink,drinks,1525,25.42,1750,29.17,5,3.75
P03_22,P03,184,pancake,pancake,baked goods and grains,3018,50.30,3060,51.00,2,0.70
P03_23,P03,27,water,water,drinks,853,14.22,29946,499.10,6,484.88
P03_23,P03,112,salmon,salmon,meat and substitute,3977,66.28,16517,275.28,57,209.00
P03_23,P03,31,oil,oil,spices and herbs and sauces,7464,124.40,8269,137.82,9,13.42
P03_23,P03,37,pepper,pepper,vegetables,8269,137.82,9005,150.08,5,12.27
P03_23,P03,62,leaf,herb,vegetables,9055,150.92,9895,164.92,7,14.00
P03_23,P03,148,paste,garlic paste,spices and herbs and sauces,10272,171.20,12122,202.03,15,30.83
P03_23,P03,51,garlic,garlic,vegetables,11832,197.20,13244,220.73,6,23.53
P03_23,P03,47,sauce,tabasco,spices and herbs and sauces,13549,225.82,14203,236.72,7,10.90
P03_23,P03,38,salt,salt,spices and herbs and sauces,14367,239.45,21112,351.87,15,112.42
P03_23,P03,30,potato,potato,vegetables,19162,319.37,29770,496.17,19,176.80
P03_24,P03,125,corn,sweet corn,vegetables,986,16.43,6558,109.30,21,92.87
P03_24,P03,41,carrot,carrot,vegetables,986,16.43,6558,109.30,16,92.87
P03_24,P03,30,potato,potato,vegetables,2133,35.55,42548,709.13,65,673.58
P03_24,P03,31,oil,oil,spices and herbs and sauces,9070,151.17,9399,156.65,3,5.48
P03_24,P03,85,spice,spice,spices and herbs and sauces,23201,386.68,28366,472.77,4,86.08
P03_24,P03,37,pepper,pepper,vegetables,26598,443.30,27838,463.97,9,20.67
P03_24,P03,27,water,water,drinks,31504,525.07,40080,668.00,6,142.93
P03_24,P03,94,vegetable,vegetable,vegetables,40723,678.72,42548,709.13,5,30.42
P03_24,P03,112,salmon,salmon,meat and substitute,45335,755.58,47263,787.72,9,32.13
P03_24,P03,34,food,food,prepared food,46100,768.33,48350,805.83,10,37.50
P04_02,P04,53,egg,egg,dairy and eggs,211,3.52,57455,957.58,85,954.07
P04_02,P04,139,burger,tuna patty,meat and substitute,2181,36.35,79712,1328.53,114,1292.18
P04_02,P04,31,oil,sesame oil,spices and herbs and sauces,4043,67.38,72410,1206.83,10,1139.45
P04_02,P04,27,water,water,drinks,7709,128.48,70813,1180.22,6,1051.73
P04_02,P04,41,carrot,carrot,vegetables,9701,161.68,81023,1350.38,108,1188.70
P04_02,P04,160,tuna,tuna mixture,meat and substitute,32708,545.13,78727,1312.12,30,766.98
P04_02,P04,72,cucumber,cucumber,vegetables,49796,829.93,61758,1029.30,47,199.37
P04_02,P04,148,paste,red pepper paste,spices and herbs and sauces,57720,962.00,58206,970.10,7,8.10
P04_02,P04,134,vinegar,rice vinegar,spices and herbs and sauces,59267,987.78,59429,990.48,2,2.70
P04_02,P04,47,sauce,fish sauce,spices and herbs and sauces,60619,1010.32,60708,1011.80,2,1.48
P04_02,P04,16,onion,onion,vegetables,62482,1041.37,85657,1427.62,40,386.25
P04_02,P04,71,mixture,mixture,prepared food,67686,1128.10,81023,1350.38,16,222.28
P04_02,P04,162,omelette,omelette,dairy and eggs,69454,1157.57,71429,1190.48,12,32.92
P04_03,P04,41,carrot,carrot,vegetables,212,3.53,45541,759.02,61,755.48
P04_03,P04,139,burger,tuna burger,meat and substitute,853,14.22,31738,528.97,30,514.75
P04_03,P04,55,rice,rice,baked goods and grains,2554,42.57,7375,122.92,14,80.35
P04_03,P04,27,water,water,drinks,8673,144.55,33545,559.08,7,414.53
P04_03,P04,31,oil,sesame roll,spices and herbs and sauces,11202,186.70,11742,195.70,5,9.00
P04_03,P04,72,cucumber,cucumber salad,vegetables,14108,235.13,37844,630.73,16,395.60
P04_03,P04,99,cereal,granola,baked goods and grains,15407,256.78,15966,266.10,4,9.32
P04_03,P04,160,tuna,tuna,meat and substitute,16533,275.55,45475,757.92,4,482.37
P04_03,P04,98,yoghurt,yoghurt,dairy and eggs,16789,279.82,18499,308.32,22,28.50
P04_03,P04,53,egg,egg,dairy and eggs,21975,366.25,35548,592.47,11,226.22
P04_03,P04,162,omelette,egg omelette,dairy and eggs,22133,368.88,29954,499.23,64,130.35
P04_03,P04,34,food,food,prepared food,32585,543.08,33125,552.08,3,9.00
P04_03,P04,47,sauce,soy sauce,spices and herbs and sauces,34330,572.17,34673,577.88,3,5.72
P04_04,P04,59,coffee,pod,drinks,3935,65.58,4686,78.10,5,12.52
P04_04,P04,27,water,water,drinks,5268,87.80,39325,655.42,11,567.62
P04_04,P04,30,potato,potato,vegetables,10358,172.63,46691,778.18,109,605.55
P04_04,P04,32,cheese,paneer,dairy and eggs,32790,546.50,46284,771.40,23,224.90
P04_04,P04,16,onion,onion,vegetables,39859,664.32,49821,830.35,40,166.03
P04_05,P04,16,onion,onion,vegetables,2194,36.57,92185,1536.42,124,1499.85
P04_05,P04,32,cheese,paneer,dairy and eggs,3078,51.30,45724,762.07,39,710.77
P04_05,P04,27,water,water,drinks,5221,87.02,114705,1911.75,24,1824.73
P04_05,P04,30,potato,potato,vegetables,5316,88.60,106515,1775.25,68,1686.65
P04_05,P04,31,oil,oil,spices and herbs and sauces,7429,123.82,7429,123.82,1,0.00
P04_05,P04,51,garlic,garlic,vegetables,18333,305.55,75684,1261.40,74,955.85
P04_05,P04,131,ginger,ginger,spices and herbs and sauces,40842,680.70,75684,1261.40,24,580.70
P04_05,P04,62,leaf,bay leaf,vegetables,47547,792.45,52043,867.38,10,74.93
P04_05,P04,85,spice,spice,spices and herbs and sauces,63244,1054.07,110853,1847.55,18,793.48
P04_05,P04,43,tomato,tomato,vegetables,66008,1100.13,66541,1109.02,5,8.88
P04_05,P04,38,salt,salt,spices and herbs and sauces,73348,1222.47,101864,1697.73,4,475.27
P04_05,P04,34,food,food,prepared food,73840,1230.67,119127,1985.45,59,754.78
P04_05,P04,47,sauce,passata,spices and herbs and sauces,78297,1304.95,78297,1304.95,1,0.00
P04_05,P04,69,chilli,chilli,spices and herbs and sauces,84266,1404.43,88087,1468.12,15,63.68
P04_05,P04,143,cream,creme fraiche,dairy and eggs,88256,1470.93,99330,1655.50,17,184.57
P04_05,P04,99,cereal,shreddies,baked goods and grains,96651,1610.85,96759,1612.65,2,1.80
P04_05,P04,75,flour,flour,baked goods and grains,97449,1624.15,102164,1702.73,17,78.58
P04_05,P04,138,powder,baking powder,spices and herbs and sauces,101263,1687.72,101263,1687.72,1,0.00
P04_05,P04,25,dough,dough,baked goods and grains,102464,1707.73,107029,1783.82,13,76.08
P04_05,P04,45,pasta,pasta,baked goods and grains,113405,1890.08,114246,1904.10,7,14.02
P04_05,P04,193,pea,pea,vegetables,116819,1946.98,116819,1946.98,1,0.00
P04_05,P04,139,burger,tuna patty,meat and substitute,119812,1996.87,122856,2047.60,12,50.73
P04_06,P04,139,burger,patty,meat and substitute,110,1.83,278,4.63,3,2.80
P04_06,P04,162,omelette,tamagoyaki,dairy and eggs,1555,25.92,2381,39.68,3,13.77
P04_06,P04,34,food,food,prepared food,3560,59.33,43958,732.63,24,673.30
P04_06,P04,85,spice,spice,spices and herbs and sauces,4034,67.23,4126,68.77,2,1.53
P04_06,P04,198,spinach,spinach,vegetables,5557,92.62,34235,570.58,39,477.97
P04_06,P04,33,bread,bread,baked goods and grains,8010,133.50,46620,777.00,45,643.50
P04_06,P04,75,flour,flour,baked goods and grains,9233,153.88,9310,155.17,2,1.28
P04_06,P04,25,dough,dough,baked goods and grains,9233,153.88,18130,302.17,25,148.28
P04_06,P04,27,water,water,drinks,19400,323.33,29130,485.50,4,162.17
P04_06,P04,30,potato,potato,vegetables,20031,333.85,20182,336.37,2,2.52
P04_06,P04,99,cereal,shreddies,baked goods and grains,20250,337.50,20442,340.70,4,3.20
P04_06,P04,143,cream,creme fraiche,dairy and eggs,20992,349.87,23820,397.00,8,47.13
P04_06,P04,32,cheese,paneer,dairy and eggs,21548,359.13,23127,385.45,3,26.32
P04_06,P04,121,curry,potato curry,prepared food,27860,464.33,46620,777.00,63,312.67
P04_06,P04,78,butter,butter,dairy and eggs,42463,707.72,45091,751.52,9,43.80
P04_101,P04,71,mixture,mixture,prepared food,84,1.40,22851,380.85,173,379.45
P04_101,P04,75,flour,flour,baked goods and grains,4026,67.10,17930,298.83,33,231.73
P04_101,P04,27,water,water,drinks,5355,89.25,27076,451.27,37,362.02
P04_101,P04,98,yoghurt,yoghurt,dairy and eggs,11919,198.65,15896,264.93,65,66.28
P04_101,P04,99,cereal,granola,baked goods and grains,15221,253.68,15876,264.60,10,10.92
P04_101,P04,115,spreads,honey,prepared food,16226,270.43,16659,277.65,6,7.22
P04_101,P04,59,coffee,coffee,drinks,17151,285.85,24951,415.85,20,130.00
P04_109,P04,41,carrot,carrot,vegetables,5595,93.25,34831,580.52,364,487.27
P04_109,P04,72,cucumber,cucumber,vegetables,7496,124.93,34635,577.25,549,452.32
P04_109,P04,144,pork,pork,meat and substitute,24160,402.67,24595,409.92,20,7.25
P04_109,P04,101,broccoli,broccoli,vegetables,24808,413.47,34606,576.77,144,163.30
P04_109,P04,27,water,water,drinks,25894,431.57,26320,438.67,19,7.10
P04_109,P04,134,vinegar,rice vinegar,spices and herbs and sauces,27502,458.37,28043,467.38,23,9.02
P04_109,P04,98,yoghurt,yoghurt,dairy and eggs,29357,489.28,29958,499.30,25,10.02
P04_109,P04,47,sauce,spicy bean sauce,spices and herbs and sauces,29933,498.88,30292,504.87,14,5.98
P04_109,P04,31,oil,sesame oil,spices and herbs and sauces,31140,519.00,31257,520.95,6,1.95
P04_11,P04,34,food,food,prepared food,266,4.43,13608,226.80,24,222.37
P04_11,P04,86,sausage,chorizo,meat and substitute,1335,22.25,13608,226.80,25,204.55
P04_11,P04,27,water,water,drinks,9826,163.77,13935,232.25,5,68.48
P04_110,P04,101,broccoli,broccoli,vegetables,90,1.50,24305,405.08,92,403.58
P04_110,P04,33,bread,steamed bun,baked goods and grains,526,8.77,36026,600.43,71,591.67
P04_110,P04,148,paste,gochujang,spices and herbs and sauces,5671,94.52,6506,108.43,13,13.92
P04_110,P04,31,oil,sesame oil,spices and herbs and sauces,6675,111.25,23051,384.18,99,272.93
P04_110,P04,34,food,gochujang mixture,prepared food,7101,118.35,27626,460.43,65,342.08
P04_110,P04,27,water,water,drinks,7463,124.38,33896,564.93,9,440.55
P04_110,P04,102,sugar,sugar,spices and herbs and sauces,9026,150.43,9026,150.43,1,0.00
P04_110,P04,134,vinegar,rice vinegar,spices and herbs and sauces,9438,157.30,9909,165.15,8,7.85
P04_110,P04,47,sauce,spicy bean sauce,spices and herbs and sauces,11717,195.28,12573,209.55,7,14.27
P04_110,P04,25,dough,dough,baked goods and grains,15309,255.15,33417,556.95,68,301.80
P04_110,P04,81,tofu,tofu piece,meat and substitute,19651,327.52,35771,596.18,163,268.67
P04_110,P04,133,nut,peanut,fruits and nuts,25725,428.75,26630,443.83,12,15.08
P04_110,P04,94,vegetable,vegetable slices,vegetables,26130,435.50,26630,443.83,8,8.33
P04_114,P04,27,water,water,drinks,546,9.10,7391,123.18,20,114.08
P04_114,P04,59,coffee,coffee,drinks,1344,22.40,4676,77.93,23,55.53
P04_12,P04,27,water,water,drinks,1863,31.05,2096,34.93,2,3.88
P04_12,P04,47,sauce,sauce,spices and herbs and sauces,3064,51.07,3232,53.87,2,2.80
P04_12,P04,34,food,food,prepared food,3571,59.52,3936,65.60,2,6.08
P04_12,P04,85,spice,spice,spices and herbs and sauces,4467,74.45,8175,136.25,9,61.80
P04_121,P04,32,cheese,mozzarella,dairy and eggs,38,0.63,78926,1315.43,385,1314.80
P04_121,P04,150,liquid,whey,other,534,8.90,83301,1388.35,343,1379.45
P04_121,P04,27,water,water,drinks,8821,147.02,83780,1396.33,186,1249.32
P04_121,P04,38,salt,salt,spices and herbs and sauces,66584,1109.73,68901,1148.35,19,38.62
P04_121,P04,189,ice,ice cube,other,79338,1322.30,82426,1373.77,47,51.47
P04_13,P04,34,food,food,prepared food,112,1.87,14861,247.68,43,245.82
P04_13,P04,138,powder,garlic powder,spices and herbs and sauces,765,12.75,1623,27.05,6,14.30
P04_13,P04,206,paprika,paprika,spices and herbs and sauces,1952,32.53,3227,53.78,8,21.25
P04_13,P04,145,oregano,oregano,spices and herbs and sauces,3227,53.78,3227,53.78,1,0.00
P04_13,P04,215,thyme,thyme,spices and herbs and sauces,3995,66.58,4614,76.90,4,10.32
P04_13,P04,236,cumin,cumin,spices and herbs and sauces,4776,79.60,5332,88.87,6,9.27
P04_13,P04,69,chilli,cayenne pepper,spices and herbs and sauces,5279,87.98,5332,88.87,2,0.88
P04_13,P04,86,sausage,chorizo,meat and substitute,5796,96.60,8860,147.67,9,51.07
P04_13,P04,38,salt,salt,spices and herbs and sauces,7521,125.35,7521,125.35,1,0.00
P04_13,P04,37,pepper,pepper,vegetables,8057,134.28,8379,139.65,2,5.37
P04_13,P04,85,spice,spice,spices and herbs and sauces,10780,179.67,11409,190.15,5,10.48
P04_13,P04,55,rice,rice,baked goods and grains,17989,299.82,18592,309.87,4,10.05
P04_21,P04,34,food,food,prepared food,94,1.57,9655,160.92,23,159.35
P04_24,P04,27,water,water,drinks,72,1.20,28139,468.98,8,467.78
P04_24,P04,133,nut,peanut,fruits and nuts,4118,68.63,28732,478.87,16,410.23
P04_24,P04,85,spice,spice,spices and herbs and sauces,5626,93.77,11455,190.92,10,97.15
P04_24,P04,196,coconut,coconut powder,fruits and nuts,14468,241.13,16767,279.45,4,38.32
P04_24,P04,64,milk,coconut milk,dairy and eggs,16460,274.33,20659,344.32,9,69.98
P04_24,P04,148,paste,spice paste,spices and herbs and sauces,16927,282.12,26999,449.98,22,167.87
P04_24,P04,217,beef,packet beef,meat and substitute,21435,357.25,29790,496.50,13,139.25
P04_25,P04,27,water,water,drinks,292,4.87,2253,37.55,5,32.68
P04_25,P04,64,milk,coconut milk,dairy and eggs,292,4.87,2253,37.55,8,32.68
P04_25,P04,138,powder,coconut milk powder,spices and herbs and sauces,1419,23.65,1472,24.53,2,0.88
P04_25,P04,217,beef,beef,meat and substitute,3702,61.70,22283,371.38,7,309.68
P04_25,P04,30,potato,potato,vegetables,6307,105.12,22283,371.38,19,266.27
P04_26,P04,69,chilli,chilli,spices and herbs and sauces,442,7.37,573,9.55,2,2.18
P04_33,P04,55,rice,rice,baked goods and grains,406,6.77,2815,46.92,9,40.15
P04_33,P04,121,curry,curry,prepared food,3966,66.10,6908,115.13,5,49.03
P04_33,P04,101,broccoli,broccoli,vegetables,7684,128.07,10815,180.25,9,52.18
P05_01,P05,27,water,water,drinks,421,7.02,7259,120.98,9,113.97
P05_01,P05,102,sugar,sugar,spices and herbs and sauces,2373,39.55,2419,40.32,2,0.77
P05_01,P05,146,banana,banana,fruits and nuts,3454,57.57,3707,61.78,4,4.22
P05_01,P05,33,bread,bread,baked goods and grains,4309,71.82,18434,307.23,7,235.42
P05_01,P05,132,tea,tea bag,drinks,13984,233.07,21747,362.45,23,129.38
P05_01,P05,229,crisp,crisp,prepared food,20352,339.20,20934,348.90,6,9.70
P05_01,P05,64,milk,milk,dairy and eggs,20934,348.90,21143,352.38,3,3.48
P05_08,P05,31,oil,oil,spices and herbs and sauces,2896,48.27,21779,362.98,28,314.72
P05_08,P05,27,water,water,drinks,3275,54.58,75387,1256.45,71,1201.87
P05_08,P05,28,meat,meat,meat and substitute,7027,117.12,35765,596.08,14,478.97
P05_08,P05,68,salad,salad,prepared food,7513,125.22,72482,1208.03,30,1082.82
P05_08,P05,38,salt,salt,spices and herbs and sauces,10938,182.30,13430,223.83,6,41.53
P05_08,P05,45,pasta,pasta,baked goods and grains,16950,282.50,72675,1211.25,65,928.75
P05_08,P05,16,onion,onion,vegetables,19121,318.68,26247,437.45,17,118.77
P05_08,P05,47,sauce,pesto,spices and herbs and sauces,45887,764.78,50137,835.62,6,70.83
P06_01,P06,64,milk,milk,dairy and eggs,568,9.47,5140,85.67,12,76.20
P06_01,P06,99,cereal,cereal,baked goods and grains,1412,23.53,4896,81.60,17,58.07
P06_03,P06,75,flour,flour,baked goods and grains,1186,19.77,9985,166.42,56,146.65
P06_03,P06,37,pepper,pepper,vegetables,4099,68.32,6277,104.62,15,36.30
P06_03,P06,38,salt,salt,spices and herbs and sauces,5197,86.62,5576,92.93,3,6.32
P06_03,P06,102,sugar,sugar,spices and herbs and sauces,5928,98.80,6277,104.62,4,5.82
P06_03,P06,195,yeast,yeast,baked goods and grains,7689,128.15,7689,128.15,1,0.00
P06_03,P06,31,oil,oil,spices and herbs and sauces,9008,150.13,20001,333.35,10,183.22
P06_03,P06,27,water,water,drinks,10667,177.78,27689,461.48,15,283.70
P06_03,P06,34,food,ingredient,prepared food,15783,263.05,24025,400.42,42,137.37
P06_03,P06,25,dough,dough,baked goods and grains,25318,421.97,40743,679.05,43,257.08
P06_05,P06,25,dough,dough,baked goods and grains,1253,20.88,65937,1098.95,75,1078.07
P06_05,P06,75,flour,flour,baked goods and grains,1561,26.02,18049,300.82,35,274.80
P06_05,P06,91,pizza,pizza base,prepared food,7358,122.63,85738,1428.97,94,1306.33
P06_05,P06,43,tomato,chopped tomato,vegetables,21472,357.87,48259,804.32,33,446.45
P06_05,P06,94,vegetable,vegetable,vegetables,22944,382.40,23122,385.37,3,2.97
P06_05,P06,16,onion,onion,vegetables,23827,397.12,78861,1314.35,70,917.23
P06_05,P06,125,corn,sweetcorn,vegetables,32463,541.05,38169,636.15,12,95.10
P06_05,P06,47,sauce,pesto,spices and herbs and sauces,38612,643.53,39945,665.75,6,22.22
P06_05,P06,69,chilli,chilli,spices and herbs and sauces,40992,683.20,81984,1366.40,15,683.20
P06_05,P06,163,bacon,bacon,meat and substitute,50323,838.72,58845,980.75,21,142.03
P06_05,P06,32,cheese,cheese,dairy and eggs,60145,1002.42,66849,1114.15,14,111.73
P06_05,P06,27,water,water,drinks,60391,1006.52,83486,1391.43,13,384.92
P06_07,P06,91,pizza,pizza,prepared food,1781,29.68,49118,818.63,127,788.95
P06_07,P06,25,dough,dough,baked goods and grains,5141,85.68,24310,405.17,83,319.48
P06_07,P06,75,flour,flour,baked goods and grains,5376,89.60,22785,379.75,28,290.15
P06_07,P06,43,tomato,tomato,vegetables,24836,413.93,43054,717.57,37,303.63
P06_07,P06,69,chilli,chilli,spices and herbs and sauces,25543,425.72,25691,428.18,3,2.47
P06_07,P06,125,corn,sweetcorn,vegetables,28142,469.03,31265,521.08,17,52.05
P06_07,P06,16,onion,onion,vegetables,31451,524.18,52680,878.00,16,353.82
P06_07,P06,47,sauce,pesto,spices and herbs and sauces,33447,557.45,51101,851.68,11,294.23
P06_07,P06,27,water,water,drinks,40413,673.55,63124,1052.07,10,378.52
P06_07,P06,32,cheese,cheese,dairy and eggs,43485,724.75,48422,807.03,8,82.28
P06_09,P06,16,onion,onion,vegetables,3990,66.50,25890,431.50,30,365.00
P06_09,P06,51,garlic,garlic,vegetables,19190,319.83,46177,769.62,18,449.78
P06_09,P06,37,pepper,pepper,vegetables,20662,344.37,51763,862.72,40,518.35
P06_09,P06,71,mixture,mixture,prepared food,28710,478.50,65687,1094.78,68,616.28
P06_09,P06,57,chicken,chicken,meat and substitute,31953,532.55,65687,1094.78,55,562.23
P06_09,P06,86,sausage,chorizo,meat and substitute,32854,547.57,38287,638.12,13,90.55
P06_09,P06,69,chilli,chilli,spices and herbs and sauces,32914,548.57,33484,558.07,5,9.50
P06_09,P06,38,salt,salt,spices and herbs and sauces,49629,827.15,49731,828.85,2,1.70
P06_09,P06,41,carrot,carrot,vegetables,52220,870.33,52220,870.33,1,0.00
P06_09,P06,27,water,water,drinks,54126,902.10,63489,1058.15,3,156.05
P06_09,P06,34,food,food,prepared food,65978,1099.63,80289,1338.15,29,238.52
P06_09,P06,43,tomato,chopped tomato,vegetables,70353,1172.55,71203,1186.72,8,14.17
P06_09,P06,95,stock,gravy cube,spices and herbs and sauces,73225,1220.42,74237,1237.28,5,16.87
P06_09,P06,30,potato,potato,vegetables,78245,1304.08,78801,1313.35,4,9.27
P06_10,P06,27,water,water,drinks,424,7.07,9911,165.18,21,158.12
P06_10,P06,38,salt,salt,spices and herbs and sauces,1659,27.65,1732,28.87,2,1.22
P06_10,P06,47,sauce,tomato sauce,spices and herbs and sauces,2142,35.70,3403,56.72,7,21.02
P06_10,P06,30,potato,potato,vegetables,4866,81.10,9911,165.18,6,84.08
P06_10,P06,41,carrot,carrot,vegetables,9109,151.82,14385,239.75,23,87.93
P06_101,P06,16,onion,onion,vegetables,255,4.25,91250,1520.83,103,1516.58
P06_101,P06,37,pepper,pepper,vegetables,392,6.53,79225,1320.42,61,1313.88
P06_101,P06,30,potato,sweet potato,vegetables,1048,17.47,81067,1351.12,117,1333.65
P06_101,P06,51,garlic,garlic,vegetables,1647,27.45,88109,1468.48,81,1441.03
P06_101,P06,31,oil,oil,spices and herbs and sauces,9517,158.62,79763,1329.38,16,1170.77
P06_101,P06,69,chilli,chilli,spices and herbs and sauces,19842,330.70,26226,437.10,34,106.40
P06_101,P06,34,food,food,prepared food,22582,376.37,42873,714.55,49,338.18
P06_101,P06,38,salt,salt,spices and herbs and sauces,37340,622.33,78296,1304.93,5,682.60
P06_101,P06,214,bean,bean,vegetables,44599,743.32,46938,782.30,26,38.98
P06_101,P06,27,water,water,drinks,46363,772.72,91698,1528.30,39,755.58
P06_101,P06,188,chocolate,chocolate,prepared food,48296,804.93,49330,822.17,9,17.23
P06_101,P06,95,stock,stock,spices and herbs and sauces,51953,865.88,57100,951.67,24,85.78
P06_101,P06,43,tomato,chopped tomato,vegetables,55201,920.02,55201,920.02,1,0.00
P06_101,P06,85,spice,spice,spices and herbs and sauces,76646,1277.43,76943,1282.38,4,4.95
P06_101,P06,71,mixture,mixture,prepared food,82955,1382.58,83352,1389.20,3,6.62
P06_102,P06,34,food,food,prepared food,1405,23.42,2138,35.63,3,12.22
P06_102,P06,75,flour,flour,baked goods and grains,4575,76.25,14233,237.22,36,160.97
P06_102,P06,195,yeast,yeast,baked goods and grains,12355,205.92,31715,528.58,9,322.67
P06_102,P06,27,water,water,drinks,13049,217.48,33331,555.52,25,338.03
P06_102,P06,25,dough,dough,baked goods and grains,14342,239.03,36034,600.57,43,361.53
P06_102,P06,227,roll,cling film roll,baked goods and grains,33801,563.35,36250,604.17,14,40.82
P06_103,P06,30,potato,sweet potato,vegetables,5980,99.67,7690,128.17,16,28.50
P06_103,P06,55,rice,rice,baked goods and grains,12971,216.18,27378,456.30,23,240.12
P06_103,P06,34,food,food,prepared food,14557,242.62,15057,250.95,3,8.33
P06_103,P06,38,salt,salt,spices and herbs and sauces,16355,272.58,16471,274.52,3,1.93
P06_103,P06,27,water,water,drinks,23476,391.27,28579,476.32,9,85.05
P06_103,P06,62,leaf,herb,vegetables,31425,523.75,37338,622.30,23,98.55
P06_106,P06,55,rice,rice,baked goods and grains,280,4.67,8542,142.37,53,137.70
P06_106,P06,27,water,water,drinks,1351,22.52,3209,53.48,18,30.97
P06_106,P06,69,chilli,chilli,spices and herbs and sauces,5084,84.73,8542,142.37,17,57.63
P06_106,P06,32,cheese,cheese,dairy and eggs,7503,125.05,8494,141.57,6,16.52
P06_107,P06,16,onion,onion,vegetables,917,15.28,14019,233.65,19,218.37
P06_107,P06,32,cheese,mozzarella,dairy and eggs,1217,20.28,1363,22.72,2,2.43
P06_107,P06,75,flour,flour,baked goods and grains,1732,28.87,10267,171.12,57,142.25
P06_107,P06,283,soda,lemonade,drinks,2023,33.72,2192,36.53,3,2.82
P06_107,P06,25,dough,dough,baked goods and grains,5626,93.77,10238,170.63,22,76.87
P06_107,P06,27,water,water,drinks,12842,214.03,14059,234.32,6,20.28
P06_108,P06,16,onion,onion,vegetables,2126,35.43,10826,180.43,8,145.00
P06_108,P06,25,dough,dough,baked goods and grains,2698,44.97,7651,127.52,18,82.55
P06_108,P06,75,flour,flour,baked goods and grains,3451,57.52,7651,127.52,12,70.00
P06_108,P06,43,tomato,chopped tomato,vegetables,8055,134.25,29776,496.27,11,362.02
P06_108,P06,91,pizza,pizza,prepared food,10446,174.10,34167,569.45,44,395.35
P06_108,P06,32,cheese,mozzarella,dairy and eggs,11601,193.35,27651,460.85,16,267.50
P06_108,P06,27,water,water,drinks,13455,224.25,31726,528.77,49,304.52
P06_108,P06,83,olive,olive,fruits and nuts,13892,231.53,16523,275.38,17,43.85
P06_108,P06,160,tuna,tuna,meat and substitute,22392,373.20,29776,496.27,22,123.07
P06_11,P06,41,carrot,carrot,vegetables,475,7.92,1292,21.53,5,13.62
P06_11,P06,34,food,food,prepared food,2313,38.55,3184,53.07,4,14.52
P06_11,P06,193,pea,pea,vegetables,3725,62.08,4416,73.60,7,11.52
P06_110,P06,91,pizza,pizza,prepared food,319,5.32,3440,57.33,14,52.02
P06_12,P06,193,pea,pea,vegetables,1220,20.33,1502,25.03,6,4.70
P06_12,P06,47,sauce,sauce,spices and herbs and sauces,3832,63.87,5034,83.90,3,20.03
P06_13,P06,47,sauce,sauce,spices and herbs and sauces,880,14.67,14244,237.40,37,222.73
P06_13,P06,34,food,chicken food,prepared food,1139,18.98,9738,162.30,9,143.32
P06_13,P06,94,vegetable,vegetable,vegetables,1814,30.23,14244,237.40,57,207.17
P06_13,P06,57,chicken,chicken,meat and substitute,9886,164.77,13889,231.48,28,66.72
P06_14,P06,99,cereal,cereal,baked goods and grains,642,10.70,5924,98.73,27,88.03
P06_14,P06,200,raisin,raisin,fruits and nuts,2106,35.10,5450,90.83,15,55.73
P06_14,P06,64,milk,milk,dairy and eggs,4956,82.60,5980,99.67,10,17.07
P07_08,P07,156,salami,package salami,meat and substitute,612,10.20,6487,108.12,3,97.92
P07_08,P07,59,coffee,coffee,drinks,3214,53.57,4290,71.50,7,17.93
P07_08,P07,64,milk,milk,dairy and eggs,4005,66.75,4005,66.75,1,0.00
P07_08,P07,32,cheese,cheese,dairy and eggs,5226,87.10,6932,115.53,8,28.43
P07_08,P07,86,sausage,chorizo,meat and substitute,6487,108.12,7054,117.57,4,9.45
P07_101,P07,32,cheese,cheese,dairy and eggs,3266,54.43,22826,380.43,40,326.00
P07_101,P07,27,water,water,drinks,7280,121.33,16081,268.02,5,146.68
P07_101,P07,156,salami,ham,meat and substitute,9901,165.02,10084,168.07,2,3.05
P07_101,P07,86,sausage,chorizo,meat and substitute,12329,205.48,22709,378.48,29,173.00
P07_101,P07,33,bread,bread,baked goods and grains,19226,320.43,22709,378.48,16,58.05
P07_103,P07,32,cheese,cheese,dairy and eggs,1067,17.78,1659,27.65,9,9.87
P07_103,P07,33,bread,toast,baked goods and grains,1067,17.78,1659,27.65,9,9.87
P07_110,P07,146,banana,banana,fruits and nuts,1546,25.77,5630,93.83,22,68.07
P07_110,P07,127,oatmeal,oat,baked goods and grains,4676,77.93,7076,117.93,20,40.00
P07_110,P07,27,water,water,drinks,5993,99.88,12480,208.00,6,108.12
P07_110,P07,279,syrup,syrup,spices and herbs and sauces,6926,115.43,7076,117.93,5,2.50
P07_110,P07,64,milk,milk,dairy and eggs,7309,121.82,9098,151.63,15,29.82
P07_110,P07,71,mixture,mixture,prepared food,7309,121.82,8259,137.65,9,15.83
P07_110,P07,187,apple,apple,fruits and nuts,12055,200.92,12619,210.32,8,9.40
P08_09,P08,27,water,water,drinks,585,9.75,10121,168.68,17,158.93
P08_09,P08,59,coffee,coffee,drinks,903,15.05,23701,395.02,8,379.97
P08_09,P08,64,milk,milk,dairy and eggs,7418,123.63,7795,129.92,5,6.28
P08_09,P08,43,tomato,tomato,vegetables,8641,144.02,34265,571.08,35,427.07
P08_09,P08,210,stalk,roots,vegetables,8950,149.17,9768,162.80,3,13.63
P08_09,P08,176,avocado,avocado,fruits and nuts,11563,192.72,33725,562.08,40,369.37
P08_09,P08,33,bread,bread,baked goods and grains,15046,250.77,34265,571.08,50,320.32
P08_09,P08,69,chilli,chilli,spices and herbs and sauces,22698,378.30,33087,551.45,6,173.15
P08_09,P08,32,cheese,cheese,dairy and eggs,27663,461.05,30521,508.68,11,47.63
P08_09,P08,37,pepper,pepper,vegetables,32753,545.88,33484,558.07,5,12.18
P08_09,P08,85,spice,spice,spices and herbs and sauces,36367,606.12,36475,607.92,3,1.80
P08_16,P08,121,curry,curry,prepared food,1136,18.93,17227,287.12,34,268.18
P08_16,P08,34,food,food,prepared food,6647,110.78,26668,444.47,2,333.68
P08_16,P08,27,water,water,drinks,10102,168.37,29761,496.02,11,327.65
P08_16,P08,55,rice,rice,baked goods and grains,10998,183.30,13857,230.95,13,47.65
P08_16,P08,28,meat,meat,meat and substitute,14194,236.57,33815,563.58,26,327.02
P08_16,P08,43,tomato,tomato,vegetables,18289,304.82,25797,429.95,34,125.13
P08_16,P08,105,lemon,lemon,fruits and nuts,24295,404.92,27075,451.25,19,46.33
P08_16,P08,122,seed,seed,fruits and nuts,25206,420.10,25797,429.95,3,9.85
P08_16,P08,53,egg,egg,dairy and eggs,27116,451.93,31455,524.25,10,72.32
P08_16,P08,38,salt,salt,spices and herbs and sauces,30692,511.53,31022,517.03,2,5.50
P08_16,P08,47,sauce,soy sauce,spices and herbs and sauces,30736,512.27,31022,517.03,2,4.77
P08_16,P08,180,cellar:salt,pepper shaker,containers,31234,520.57,32644,544.07,3,23.50
P08_16,P08,37,pepper,pepper,vegetables,31455,524.25,31455,524.25,1,0.00
P08_17,P08,34,food,food,prepared food,361,6.02,32145,535.75,53,529.73
P08_17,P08,51,garlic,garlic,vegetables,4194,69.90,32403,540.05,19,470.15
P08_17,P08,31,oil,olive oil,spices and herbs and sauces,8246,137.43,9821,163.68,7,26.25
P08_17,P08,55,rice,cooked rice,baked goods and grains,10574,176.23,31276,521.27,40,345.03
P08_17,P08,53,egg,whisked egg,dairy and eggs,13203,220.05,14022,233.70,6,13.65
P08_17,P08,180,cellar:salt,pepper shaker,containers,15797,263.28,22403,373.38,6,110.10
P08_17,P08,37,pepper,bell pepper,vegetables,17418,290.30,18560,309.33,4,19.03
P08_17,P08,125,corn,corn,vegetables,17418,290.30,19102,318.37,5,28.07
P08_17,P08,47,sauce,soy sauce,spices and herbs and sauces,21395,356.58,22403,373.38,5,16.80
P08_17,P08,62,leaf,spinach leaf,vegetables,26947,449.12,28853,480.88,11,31.77
P08_17,P08,28,meat,meat,meat and substitute,29476,491.27,30572,509.53,8,18.27
P08_21,P08,27,water,water,drinks,13382,223.03,58734,978.90,8,755.87
P08_21,P08,127,oatmeal,oat,baked goods and grains,17694,294.90,23191,386.52,28,91.62
P08_21,P08,64,milk,coconut milk,dairy and eggs,19280,321.33,51412,856.87,27,535.53
P08_21,P08,254,fruit,fruit,fruits and nuts,19790,329.83,21993,366.55,10,36.72
P08_21,P08,133,nut,nut,fruits and nuts,19790,329.83,21861,364.35,7,34.52
P08_21,P08,71,mixture,mixture,prepared food,23758,395.97,66705,1111.75,89,715.78
P08_21,P08,274,cinnamon,cinnamon,spices and herbs and sauces,24205,403.42,45626,760.43,13,357.02
P08_21,P08,105,lemon,lemon slice,fruits and nuts,25837,430.62,26604,443.40,4,12.78
P08_21,P08,279,syrup,maple syrup,spices and herbs and sauces,26349,439.15,83307,1388.45,14,949.30
P08_21,P08,59,coffee,coffee,drinks,29462,491.03,51563,859.38,7,368.35
P08_21,P08,53,egg,egg,dairy and eggs,34475,574.58,40191,669.85,6,95.27
P08_21,P08,148,paste,nut paste,spices and herbs and sauces,42463,707.72,44110,735.17,5,27.45
P08_21,P08,45,pasta,nut pasta,baked goods and grains,43831,730.52,44746,745.77,2,15.25
P08_21,P08,75,flour,flour,baked goods and grains,46528,775.47,48570,809.50,11,34.03
P08_21,P08,209,drink,beverage,drinks,51563,859.38,84299,1404.98,15,545.60
P08_21,P08,31,oil,coconut oil,spices and herbs and sauces,52964,882.73,55046,917.43,12,34.70
P08_21,P08,257,cherry,cherry,fruits and nuts,61803,1030.05,83335,1388.92,71,358.87
P08_21,P08,178,blueberry,blueberry,fruits and nuts,62129,1035.48,83335,1388.92,58,353.43
P08_21,P08,184,pancake,pancake,baked goods and grains,66819,1113.65,83335,1388.92,45,275.27
P08_21,P08,189,ice,ice piece,other,68633,1143.88,68670,1144.50,2,0.62
P08_21,P08,115,spreads,honey,prepared food,73168,1219.47,75037,1250.62,5,31.15
P08_21,P08,98,yoghurt,yoghurt,dairy and eggs,81648,1360.80,83335,1388.92,11,28.12
P09_02,P09,53,egg,egg,dairy and eggs,1173,19.55,15256,254.27,28,234.72
P09_02,P09,27,water,water,drinks,5376,89.60,21532,358.87,8,269.27
P09_02,P09,31,oil,oil,spices and herbs and sauces,5909,98.48,6684,111.40,5,12.92
P09_02,P09,94,vegetable,vegetable,vegetables,11223,187.05,16608,276.80,17,89.75
P09_02,P09,32,cheese,cheese,dairy and eggs,13548,225.80,16608,276.80,11,51.00
P09_02,P09,162,omelette,omelette,dairy and eggs,15378,256.30,16608,276.80,6,20.50
P09_02,P09,34,food,food,prepared food,16728,278.80,19220,320.33,12,41.53
P09_02,P09,127,oatmeal,oat,baked goods and grains,20676,344.60,21532,358.87,6,14.27
P09_103,P09,31,oil,oil,spices and herbs and sauces,626,10.43,626,10.43,1,0.00
P09_103,P09,47,sauce,condiment,spices and herbs and sauces,934,15.57,14076,234.60,14,219.03
P09_103,P09,57,chicken,chicken,meat and substitute,1302,21.70,29407,490.12,45,468.42
P09_103,P09,27,water,water,drinks,7551,125.85,29176,486.27,6,360.42
P09_103,P09,253,shrimp,prawn/shrimp,meat and substitute,18567,309.45,33851,564.18,15,254.73
P09_103,P09,138,powder,garlic powder,spices and herbs and sauces,32226,537.10,32790,546.50,6,9.40
P09_103,P09,37,pepper,pepper,vegetables,32851,547.52,33851,564.18,6,16.67
P09_104,P09,27,water,water,drinks,2884,48.07,24026,400.43,6,352.37
P09_104,P09,146,banana,banana,fruits and nuts,4188,69.80,9151,152.52,15,82.72
P09_104,P09,243,strawberry,strawberry,fruits and nuts,5050,84.17,7625,127.08,12,42.92
P09_104,P09,115,spreads,honey,prepared food,7876,131.27,9151,152.52,4,21.25
P09_104,P09,64,milk,soy milk,dairy and eggs,9617,160.28,10967,182.78,18,22.50
P09_104,P09,86,sausage,chorizo,meat and substitute,11449,190.82,23696,394.93,30,204.12
P09_104,P09,32,cheese,cheese,dairy and eggs,15150,252.50,27305,455.08,9,202.58
P09_104,P09,53,egg,egg,dairy and eggs,18153,302.55,23696,394.93,7,92.38
P09_104,P09,71,mixture,mixture,prepared food,24901,415.02,27061,451.02,6,36.00
P09_106,P09,34,food,food,prepared food,263,4.38,3176,52.93,11,48.55
P09_106,P09,55,rice,rice,baked goods and grains,3131,52.18,3131,52.18,1,0.00
P09_106,P09,183,juice,juice,drinks,4626,77.10,6265,104.42,4,27.32
P10_04,P10,119,fish,fish,meat and substitute,2239,37.32,187381,3123.02,151,3085.70
P10_04,P10,27,water,water,drinks,6510,108.50,200204,3336.73,123,3228.23
P10_04,P10,75,flour,flour,baked goods and grains,24582,409.70,27955,465.92,8,56.22
P10_04,P10,31,oil,olive oil,spices and herbs and sauces,29977,499.62,155059,2584.32,8,2084.70
P10_04,P10,81,tofu,salted bean curd,meat and substitute,32393,539.88,42820,713.67,5,173.78
P10_04,P10,134,vinegar,chinese vinegar,spices and herbs and sauces,34608,576.80,36148,602.47,6,25.67
P10_04,P10,38,salt,salt,spices and herbs and sauces,35620,593.67,170713,2845.22,23,2251.55
P10_04,P10,131,ginger,ginger,spices and herbs and sauces,43789,729.82,134974,2249.57,19,1519.75
P10_04,P10,47,sauce,sauce,spices and herbs and sauces,44232,737.20,73715,1228.58,5,491.38
P10_04,P10,117,leek,leek,vegetables,48596,809.93,61265,1021.08,11,211.15
P10_04,P10,120,lettuce,lettuce,vegetables,54401,906.68,108372,1806.20,46,899.52
P10_04,P10,34,food,mixed sauce,prepared food,67143,1119.05,147946,2465.77,15,1346.72
P10_04,P10,150,liquid,liquid,other,79865,1331.08,79892,1331.53,2,0.45
P10_04,P10,51,garlic,garlic,vegetables,88099,1468.32,132049,2200.82,87,732.50
P10_04,P10,258,sprout,sprout,vegetables,96685,1611.42,174263,2904.38,46,1292.97
P10_04,P10,185,bean:green,green bean,vegetables,102224,1703.73,103593,1726.55,6,22.82
P10_04,P10,55,rice,cooked rice,baked goods and grains,181161,3019.35,183870,3064.50,10,45.15
P10_04,P10,227,roll,bags roll,baked goods and grains,198517,3308.62,198688,3311.47,2,2.85
P11_101,P11,27,water,water,drinks,1576,26.27,8541,142.35,31,116.08
P11_101,P11,112,salmon,salmon,meat and substitute,5515,91.92,8541,142.35,17,50.43
P11_102,P11,117,leek,leek,vegetables,3296,54.93,13542,225.70,43,170.77
P11_102,P11,203,kale,kale,vegetables,3826,63.77,4817,80.28,8,16.52
P11_102,P11,27,water,water,drinks,13726,228.77,16194,269.90,10,41.13
P11_103,P11,117,leek,leek pieces,vegetables,826,13.77,8064,134.40,18,120.63
P11_103,P11,203,kale,kale,vegetables,1634,27.23,7978,132.97,13,105.73
P11_103,P11,27,water,water,drinks,4301,71.68,9785,163.08,12,91.40
P11_104,P11,117,leek,leek,vegetables,682,11.37,1601,26.68,7,15.32
P11_104,P11,203,kale,kale,vegetables,1134,18.90,15851,264.18,43,245.28
P11_104,P11,27,water,water,drinks,2851,47.52,37616,626.93,52,579.42
P11_104,P11,31,oil,olive oil,spices and herbs and sauces,11236,187.27,31278,521.30,17,334.03
P11_104,P11,112,salmon,salmon,meat and substitute,11900,198.33,32409,540.15,51,341.82
P11_104,P11,119,fish,fish skin,meat and substitute,16951,282.52,32409,540.15,61,257.63
P11_104,P11,47,sauce,black bean sauce,spices and herbs and sauces,31491,524.85,42766,712.77,37,187.92
P11_104,P11,71,mixture,mixture,prepared food,33980,566.33,42542,709.03,27,142.70
P11_105,P11,91,pizza,pizza,prepared food,1548,25.80,14596,243.27,31,217.47
P11_105,P11,43,tomato,tomato,vegetables,6717,111.95,7442,124.03,5,12.08
P11_105,P11,56,mushroom,mushroom,vegetables,7299,121.65,7442,124.03,4,2.38
P11_105,P11,16,onion,onion,vegetables,7667,127.78,15913,265.22,55,137.43
P11_105,P11,156,salami,pepperoni,meat and substitute,12642,210.70,13546,225.77,6,15.07
P11_107,P11,91,pizza,pizza,prepared food,840,14.00,5900,98.33,22,84.33
P11_16,P11,117,leek,leek,vegetables,130,2.17,1712,28.53,3,26.37
P11_16,P11,203,kale,kale,vegetables,6678,111.30,15184,253.07,14,141.77
P11_16,P11,27,water,water,drinks,10131,168.85,19841,330.68,10,161.83
P11_16,P11,47,sauce,soy sauce,spices and herbs and sauces,16145,269.08,17719,295.32,12,26.23
P11_16,P11,31,oil,chilli oil,spices and herbs and sauces,18740,312.33,18876,314.60,3,2.27
P12_02,P12,27,water,water,drinks,2406,40.10,110674,1844.57,42,1804.47
P12_02,P12,28,meat,minced meat,meat and substitute,13097,218.28,71000,1183.33,26,965.05
P12_02,P12,47,sauce,tomato sauce,spices and herbs and sauces,14871,247.85,79054,1317.57,21,1069.72
P12_02,P12,51,garlic,garlic,vegetables,15179,252.98,37796,629.93,37,376.95
P12_02,P12,16,onion,onion,vegetables,15179,252.98,63409,1056.82,45,803.83
P12_02,P12,31,oil,olive oil spray,spices and herbs and sauces,38798,646.63,39399,656.65,8,10.02
P12_02,P12,83,olive,olive,fruits and nuts,39938,665.63,39938,665.63,1,0.00
P12_02,P12,37,pepper,pepper,vegetables,42178,702.97,71533,1192.22,9,489.25
P12_02,P12,85,spice,spice,spices and herbs and sauces,42649,710.82,85210,1420.17,4,709.35
P12_02,P12,169,parsley,parsley,spices and herbs and sauces,45323,755.38,66147,1102.45,17,347.07
P12_02,P12,38,salt,salt,spices and herbs and sauces,61501,1025.02,61609,1026.82,2,1.80
P12_02,P12,34,food,food,prepared food,64277,1071.28,111006,1850.10,54,778.82
P12_02,P12,227,roll,tube,baked goods and grains,79382,1323.03,81977,1366.28,9,43.25
P12_02,P12,43,tomato,tomato,vegetables,81510,1358.50,81510,1358.50,1,0.00
P12_02,P12,78,butter,butter,dairy and eggs,97284,1621.40,97689,1628.15,4,6.75
P12_02,P12,45,pasta,pasta,baked goods and grains,104201,1736.68,105014,1750.23,4,13.55
P12_02,P12,72,cucumber,cucumber,vegetables,104982,1749.70,108768,1812.80,16,63.10
P12_03,P12,34,food,food,prepared food,750,12.50,68135,1135.58,25,1123.08
P12_03,P12,27,water,water,drinks,2274,37.90,87108,1451.80,62,1413.90
P12_03,P12,38,salt,salt,spices and herbs and sauces,5986,99.77,65324,1088.73,2,988.97
P12_03,P12,72,cucumber,cucumber,vegetables,9073,151.22,27610,460.17,9,308.95
P12_03,P12,32,cheese,cream cheese,dairy and eggs,10366,172.77,31271,521.18,17,348.42
P12_03,P12,53,egg,egg,dairy and eggs,11700,195.00,12148,202.47,4,7.47
P12_03,P12,169,parsley,parsley,spices and herbs and sauces,13792,229.87,44705,745.08,7,515.22
P12_03,P12,71,mixture,mixture,prepared food,20398,339.97,22386,373.10,5,33.13
P12_03,P12,145,oregano,oregano,spices and herbs and sauces,53830,897.17,61539,1025.65,10,128.48
P12_03,P12,45,pasta,pasta,baked goods and grains,62372,1039.53,76301,1271.68,2,232.15
P12_03,P12,180,cellar:salt,pepper package,containers,65671,1094.52,65981,1099.68,2,5.17
P12_03,P12,31,oil,olive oil,spices and herbs and sauces,76503,1275.05,76503,1275.05,1,0.00
P12_04,P12,188,chocolate,chocolate,prepared food,2484,41.40,2563,42.72,2,1.32
P12_04,P12,27,water,water,drinks,3646,60.77,106796,1779.93,39,1719.17
P12_04,P12,32,cheese,cheese,dairy and eggs,3944,65.73,69114,1151.90,65,1086.17
P12_04,P12,45,pasta,pasta,baked goods and grains,8623,143.72,49944,832.40,42,688.68
P12_04,P12,28,meat,minced meat,meat and substitute,8688,144.80,69114,1151.90,51,1007.10
P12_04,P12,201,basil,basil,spices and herbs and sauces,59744,995.73,76255,1270.92,13,275.18
P12_04,P12,72,cucumber,chopped cucumber,vegetables,90910,1515.17,93088,1551.47,9,36.30
P12_04,P12,31,oil,olive oil,spices and herbs and sauces,92335,1538.92,92483,1541.38,2,2.47
P12_04,P12,38,salt,salt,spices and herbs and sauces,108914,1815.23,111963,1866.05,3,50.82
P12_101,P12,16,onion,onion,vegetables,976,16.27,78976,1316.27,119,1300.00
P12_101,P12,95,stock,stock,spices and herbs and sauces,2108,35.13,54274,904.57,32,869.43
P12_101,P12,32,cheese,cheese,dairy and eggs,2108,35.13,91223,1520.38,93,1485.25
P12_101,P12,31,oil,oil,spices and herbs and sauces,4817,80.28,34144,569.07,10,488.78
P12_101,P12,38,salt,salt,spices and herbs and sauces,4876,81.27,94726,1578.77,52,1497.50
P12_101,P12,132,tea,tea,drinks,4918,81.97,7093,118.22,7,36.25
P12_101,P12,28,meat,meat,meat and substitute,9487,158.12,58317,971.95,234,813.83
P12_101,P12,27,water,water,drinks,21343,355.72,59947,999.12,20,643.40
P12_101,P12,51,garlic,garlic,vegetables,41326,688.77,44407,740.12,14,51.35
P12_101,P12,126,soup,soup,prepared food,76620,1277.00,98247,1637.45,84,360.45
P12_101,P12,85,spice,spice,spices and herbs and sauces,93455,1557.58,93701,1561.68,3,4.10
P13_10,P13,33,bread,hamburger bun,baked goods and grains,2442,40.70,8827,147.12,16,106.42
P13_10,P13,32,cheese,cheese,dairy and eggs,3029,50.48,8827,147.12,18,96.63
P13_10,P13,43,tomato,tomato,vegetables,5501,91.68,8827,147.12,15,55.43
P13_10,P13,86,sausage,sausage,meat and substitute,8230,137.17,10324,172.07,10,34.90
P13_10,P13,139,burger,hamburger,meat and substitute,9728,162.13,10324,172.07,4,9.93
P14_05,P14,64,milk,milk,dairy and eggs,1378,22.97,4126,68.77,10,45.80
P14_05,P14,99,cereal,cereal,baked goods and grains,3553,59.22,4126,68.77,4,9.55
P15_02,P15,27,water,water,drinks,354,5.90,39636,660.60,11,654.70
P15_02,P15,64,milk,milk,dairy and eggs,3126,52.10,3438,57.30,6,5.20
P15_02,P15,53,egg,egg,dairy and eggs,3635,60.58,33320,555.33,18,494.75
P15_02,P15,30,potato,potato,vegetables,3967,66.12,38374,639.57,37,573.45
P15_02,P15,16,onion,onion,vegetables,4115,68.58,38374,639.57,17,570.98
P15_02,P15,31,oil,oil,spices and herbs and sauces,14096,234.93,22700,378.33,4,143.40
P15_02,P15,38,salt,salt,spices and herbs and sauces,31892,531.53,32172,536.20,3,4.67
P15_02,P15,34,food,food,prepared food,40432,673.87,40643,677.38,2,3.52
P17_01,P17,34,food,food,prepared food,2154,35.90,6942,115.70,12,79.80
P17_01,P17,257,cherry,cherry,fruits and nuts,8742,145.70,8826,147.10,2,1.40
P18_01,P18,27,water,water,drinks,1616,26.93,1736,28.93,2,2.00
P18_01,P18,59,coffee,coffee,drinks,3443,57.38,6488,108.13,10,50.75
P18_01,P18,33,bread,toast bread,baked goods and grains,8468,141.13,8791,146.52,5,5.38
P18_02,P18,33,bread,bread slice,baked goods and grains,1225,20.42,11092,184.87,14,164.45
P18_02,P18,27,water,water,drinks,1691,28.18,8083,134.72,18,106.53
P18_02,P18,115,spreads,peanut butter,prepared food,9448,157.47,11092,184.87,9,27.40
P18_03,P18,72,cucumber,cucumber,vegetables,3807,63.45,18788,313.13,33,249.68
P18_03,P18,45,pasta,pasta,baked goods and grains,4649,77.48,24961,416.02,8,338.53
P18_03,P18,68,salad,salad,prepared food,5810,96.83,24205,403.42,37,306.58
P18_03,P18,200,raisin,raisin,fruits and nuts,8379,139.65,8536,142.27,2,2.62
P18_03,P18,27,water,water,drinks,11398,189.97,20315,338.58,21,148.62
P18_03,P18,145,oregano,oregano,spices and herbs and sauces,19520,325.33,20277,337.95,3,12.62
P18_03,P18,134,vinegar,vinegar,spices and herbs and sauces,22804,380.07,22804,380.07,1,0.00
P18_06,P18,27,water,water,drinks,2971,49.52,19043,317.38,8,267.87
P18_06,P18,59,coffee,coffee,drinks,5371,89.52,24715,411.92,6,322.40
P18_06,P18,127,oatmeal,oatmeal,baked goods and grains,13067,217.78,24715,411.92,24,194.13
P18_07,P18,27,water,water,drinks,1097,18.28,13560,226.00,15,207.72
P18_07,P18,45,pasta,pasta,baked goods and grains,6016,100.27,8512,141.87,6,41.60
P20_03,P20,99,cereal,cereal,baked goods and grains,444,7.40,7358,122.63,24,115.23
P20_03,P20,64,milk,milk,dairy and eggs,2531,42.18,7358,122.63,12,80.45
P20_03,P20,33,bread,bread,baked goods and grains,4866,81.10,12636,210.60,21,129.50
P20_03,P20,156,salami,salami,meat and substitute,5610,93.50,12636,210.60,23,117.10
P21_01,P21,32,cheese,cheese,dairy and eggs,275,4.58,20323,338.72,15,334.13
P21_01,P21,27,water,water,drinks,6992,116.53,33013,550.22,11,433.68
P21_01,P21,34,food,grocery,prepared food,7853,130.88,8389,139.82,4,8.93
P21_01,P21,202,grape,grape,fruits and nuts,8353,139.22,33321,555.35,21,416.13
P21_01,P21,43,tomato,tomato,vegetables,9100,151.67,24884,414.73,43,263.07
P21_01,P21,31,oil,olive oil,spices and herbs and sauces,16862,281.03,17058,284.30,2,3.27
P21_01,P21,38,salt,salt,spices and herbs and sauces,17861,297.68,18958,315.97,3,18.28
P21_01,P21,37,pepper,pepper,vegetables,17861,297.68,18958,315.97,4,18.28
P21_01,P21,178,blueberry,blueberry,fruits and nuts,26007,433.45,33321,555.35,8,121.90
P21_01,P21,125,corn,salt corn,vegetables,26355,439.25,26535,442.25,4,3.00
P21_01,P21,254,fruit,fruit,fruits and nuts,32327,538.78,33013,550.22,2,11.43
P21_01,P21,64,milk,milk,dairy and eggs,33704,561.73,34561,576.02,3,14.28
P21_01,P21,283,soda,coke,drinks,33830,563.83,33890,564.83,2,1.00
P21_01,P21,47,sauce,sauce,spices and herbs and sauces,37670,627.83,40276,671.27,9,43.43
P22_01,P22,132,tea,tea bag,drinks,10473,174.55,10722,178.70,5,4.15
P22_01,P22,27,water,water,drinks,11126,185.43,42088,701.47,30,516.03
P22_01,P22,146,banana,banana,fruits and nuts,15176,252.93,61032,1017.20,57,764.27
P22_01,P22,254,fruit,fruit,fruits and nuts,15176,252.93,15578,259.63,4,6.70
P22_01,P22,74,peach,peach,fruits and nuts,15846,264.10,61032,1017.20,192,753.10
P22_01,P22,59,coffee,coffee capsule,drinks,43208,720.13,64711,1078.52,39,358.38
P22_01,P22,104,biscuit,cookie,baked goods and grains,45221,753.68,62013,1033.55,9,279.87
P22_01,P22,33,bread,bread slice,baked goods and grains,47238,787.30,61032,1017.20,24,229.90
P22_01,P22,143,cream,cream,dairy and eggs,54926,915.43,61429,1023.82,28,108.38
P22_07,P22,27,water,water,drinks,4120,68.67,130182,2169.70,135,2101.03
P22_07,P22,16,onion,onion,vegetables,9625,160.42,43039,717.32,68,556.90
P22_07,P22,31,oil,oil,spices and herbs and sauces,24819,413.65,27138,452.30,13,38.65
P22_07,P22,76,courgette,courgette/zucchini,vegetables,28324,472.07,86939,1448.98,111,976.92
P22_07,P22,38,salt,salt,spices and herbs and sauces,44436,740.60,74271,1237.85,17,497.25
P22_07,P22,85,spice,spice,spices and herbs and sauces,46659,777.65,46878,781.30,4,3.65
P22_07,P22,45,pasta,pasta,baked goods and grains,48893,814.88,129856,2164.27,129,1349.38
P22_07,P22,47,sauce,pesto sauce,spices and herbs and sauces,116678,1944.63,125137,2085.62,43,140.98
P22_107,P22,27,water,water,drinks,6151,102.52,25963,432.72,33,330.20
P22_107,P22,98,yoghurt,yogurt,dairy and eggs,7134,118.90,23701,395.02,86,276.12
P22_107,P22,219,blackberry,blackberry,fruits and nuts,8619,143.65,23701,395.02,78,251.37
P22_107,P22,138,powder,powder,spices and herbs and sauces,11396,189.93,13084,218.07,27,28.13
P22_107,P22,71,mixture,mixture,prepared food,13396,223.27,27567,459.45,15,236.18
P22_107,P22,99,cereal,cereal,baked goods and grains,23184,386.40,28837,480.62,15,94.22
P22_117,P22,27,water,water,drinks,2211,36.85,48326,805.43,130,768.58
P22_117,P22,177,lentil,chickpea,baked goods and grains,3734,62.23,46001,766.68,25,704.45
P22_117,P22,76,courgette,courgette,vegetables,13891,231.52,48146,802.43,143,570.92
P22_117,P22,31,oil,oil,spices and herbs and sauces,25209,420.15,25901,431.68,8,11.53
P22_117,P22,16,onion,onion,vegetables,27092,451.53,29319,488.65,22,37.12
P22_117,P22,38,salt,salt,spices and herbs and sauces,31826,530.43,32105,535.08,5,4.65
P22_117,P22,55,rice,rice,baked goods and grains,34142,569.03,35555,592.58,14,23.55
P22_117,P22,37,pepper,pepper,vegetables,41200,686.67,41363,689.38,4,2.72
P23_02,P23,16,onion,onion,vegetables,142,2.37,38330,638.83,36,636.47
P23_02,P23,27,water,water,drinks,5421,90.35,99346,1655.77,44,1565.42
P23_02,P23,51,garlic,garlic,vegetables,11037,183.95,36701,611.68,32,427.73
P23_02,P23,31,oil,oil,spices and herbs and sauces,23331,388.85,29449,490.82,8,101.97
P23_02,P23,62,leaf,curry leaf,vegetables,25125,418.75,38330,638.83,20,220.08
P23_02,P23,211,turmeric,turmeric powder,spices and herbs and sauces,29223,487.05,29223,487.05,1,0.00
P23_02,P23,236,cumin,jeera,spices and herbs and sauces,29223,487.05,29449,490.82,2,3.77
P23_02,P23,69,chilli,red chilli,spices and herbs and sauces,33878,564.63,36701,611.68,12,47.05
P23_02,P23,121,curry,curry,prepared food,38589,643.15,75453,1257.55,55,614.40
P23_02,P23,38,salt,salt,spices and herbs and sauces,46945,782.42,47271,787.85,2,5.43
P23_02,P23,138,powder,chili powder,spices and herbs and sauces,49662,827.70,49662,827.70,1,0.00
P23_02,P23,53,egg,egg,dairy and eggs,52643,877.38,75453,1257.55,23,380.17
P23_05,P23,16,onion,onion,vegetables,3091,51.52,34252,570.87,22,519.35
P23_05,P23,62,leaf,curry leaf,vegetables,10152,169.20,63811,1063.52,5,894.32
P23_05,P23,34,food,ingredient,prepared food,10607,176.78,62986,1049.77,15,872.98
P23_05,P23,31,oil,oil,spices and herbs and sauces,11421,190.35,26619,443.65,8,253.30
P23_05,P23,94,vegetable,vegetable,vegetables,13065,217.75,65248,1087.47,32,869.72
P23_05,P23,51,garlic,garlic,vegetables,13950,232.50,31898,531.63,17,299.13
P23_05,P23,69,chilli,red chilli,spices and herbs and sauces,31293,521.55,31898,531.63,2,10.08
P23_05,P23,38,salt,salt,spices and herbs and sauces,49862,831.03,50501,841.68,4,10.65
P23_05,P23,27,water,water,drinks,58400,973.33,69414,1156.90,13,183.57
P24_05,P24,27,water,water,drinks,2493,41.55,87434,1457.23,137,1415.68
P24_05,P24,45,pasta,pasta,baked goods and grains,7839,130.65,95879,1597.98,143,1467.33
P24_05,P24,16,onion,onion,vegetables,12089,201.48,45797,763.28,79,561.80
P24_05,P24,31,oil,oil,spices and herbs and sauces,24806,413.43,28860,481.00,12,67.57
P24_05,P24,208,caper,caper,spices and herbs and sauces,37992,633.20,47851,797.52,27,164.32
P24_05,P24,47,sauce,sauce,spices and herbs and sauces,44415,740.25,90000,1500.00,144,759.75
P24_05,P24,38,salt,salt,spices and herbs and sauces,48474,807.90,84213,1403.55,22,595.65
P24_05,P24,102,sugar,sugar,spices and herbs and sauces,51473,857.88,51773,862.88,2,5.00
P24_05,P24,68,salad,salad,prepared food,70468,1174.47,77700,1295.00,16,120.53
P24_08,P24,45,pasta,pasta,baked goods and grains,257,4.28,90556,1509.27,97,1504.98
P24_08,P24,27,water,water,drinks,1044,17.40,89957,1499.28,73,1481.88
P24_08,P24,16,onion,onion,vegetables,5654,94.23,37420,623.67,45,529.43
P24_08,P24,31,oil,oil,spices and herbs and sauces,15166,252.77,15433,257.22,4,4.45
P24_08,P24,83,olive,olive,fruits and nuts,21627,360.45,41513,691.88,41,331.43
P24_08,P24,38,salt,salt,spices and herbs and sauces,35526,592.10,43086,718.10,7,126.00
P24_08,P24,47,sauce,sauce,spices and herbs and sauces,38250,637.50,71113,1185.22,45,547.72
P24_08,P24,32,cheese,mozzarella,dairy and eggs,47140,785.67,76639,1277.32,20,491.65
P24_08,P24,68,salad,salad,prepared food,53080,884.67,59391,989.85,9,105.18
P24_08,P24,145,oregano,oregano,spices and herbs and sauces,57599,959.98,57599,959.98,1,0.00
P24_09,P24,53,egg,egg,dairy and eggs,943,15.72,81450,1357.50,130,1341.78
P24_09,P24,27,water,water,drinks,2995,49.92,117278,1954.63,33,1904.72
P24_09,P24,30,potato,potato,vegetables,7984,133.07,77352,1289.20,94,1156.13
P24_09,P24,31,oil,oil,spices and herbs and sauces,23449,390.82,26743,445.72,13,54.90
P24_09,P24,16,onion,onion,vegetables,33275,554.58,77352,1289.20,51,734.62
P24_09,P24,32,cheese,cheese,dairy and eggs,51085,851.42,108698,1811.63,25,960.22
P24_09,P24,271,breadcrumb,breadcrumb,baked goods and grains,56390,939.83,57776,962.93,4,23.10
P24_09,P24,120,lettuce,lettuce,vegetables,67721,1128.68,89871,1497.85,30,369.17
P24_09,P24,41,carrot,carrot,vegetables,78017,1300.28,111386,1856.43,39,556.15
P24_09,P24,162,omelette,omelette,dairy and eggs,81450,1357.50,110708,1845.13,27,487.63
P24_09,P24,43,tomato,tomato,vegetables,90415,1506.92,95933,1598.88,32,91.97
P24_09,P24,68,salad,salad,prepared food,105731,1762.18,109472,1824.53,12,62.35
P24_09,P24,33,bread,bread,baked goods and grains,112674,1877.90,112674,1877.90,1,0.00
P25_09,P25,120,lettuce,lettuce,vegetables,107,1.78,22584,376.40,56,374.62
P25_09,P25,27,water,water,drinks,195,3.25,46746,779.10,87,775.85
P25_09,P25,31,oil,oil,spices and herbs and sauces,20261,337.68,21146,352.43,9,14.75
P25_09,P25,134,vinegar,vinegar,spices and herbs and sauces,21014,350.23,22033,367.22,9,16.98
P25_09,P25,38,salt,salt,spices and herbs and sauces,21943,365.72,28119,468.65,5,102.93
P25_09,P25,68,salad,salad,prepared food,23517,391.95,25291,421.52,6,29.57
P25_09,P25,57,chicken,chicken,meat and substitute,26728,445.47,52403,873.38,61,427.92
P25_101,P25,28,meat,meat,meat and substitute,163,2.72,20726,345.43,154,342.72
P25_101,P25,31,oil,oil,spices and herbs and sauces,1655,27.58,2234,37.23,6,9.65
P25_101,P25,27,water,water,drinks,15601,260.02,15659,260.98,2,0.97
P25_107,P25,67,aubergine,aubergine,vegetables,616,10.27,110335,1838.92,616,1828.65
P25_107,P25,76,courgette,courgette,vegetables,616,10.27,102080,1701.33,86,1691.07
P25_107,P25,27,water,water,drinks,1534,25.57,110335,1838.92,126,1813.35
P25_107,P25,38,salt,salt,spices and herbs and sauces,16834,280.57,81727,1362.12,74,1081.55
P26_02,P26,31,oil,oil,spices and herbs and sauces,241,4.02,27255,454.25,11,450.23
P26_02,P26,38,salt,salt,spices and herbs and sauces,241,4.02,19400,323.33,21,319.32
P26_02,P26,57,chicken,chicken breast,meat and substitute,1322,22.03,27508,458.47,77,436.43
P26_02,P26,27,water,water,drinks,3099,51.65,3219,53.65,2,2.00
P26_02,P26,105,lemon,lemon,fruits and nuts,14866,247.77,15334,255.57,7,7.80
P26_02,P26,33,bread,bread,baked goods and grains,21442,357.37,22556,375.93,9,18.57
P26_108,P26,34,food,food,prepared food,2059,34.32,7517,125.28,15,90.97
P26_108,P26,45,pasta,pasta,baked goods and grains,3355,55.92,8026,133.77,12,77.85
P26_110,P26,45,pasta,pasta,baked goods and grains,226,3.77,12775,212.92,91,209.15
P26_110,P26,47,sauce,sauce,spices and herbs and sauces,4451,74.18,4726,78.77,6,4.58
P26_110,P26,34,food,food,prepared food,6376,106.27,9404,156.73,20,50.47
P27_101,P27,34,food,food,prepared food,4843,80.72,5576,92.93,5,12.22
P27_101,P27,27,water,water,drinks,7017,116.95,62051,1034.18,262,917.23
P27_101,P27,59,coffee,coffee,drinks,22555,375.92,22767,379.45,4,3.53
P27_101,P27,104,biscuit,biscuit,baked goods and grains,64361,1072.68,67321,1122.02,9,49.33
P27_105,P27,175,cake,cake,baked goods and grains,4492,74.87,26800,446.67,40,371.80
P27_105,P27,59,coffee,coffee pod,drinks,6343,105.72,31576,526.27,43,420.55
P27_105,P27,27,water,water,drinks,7019,116.98,48113,801.88,93,684.90
P27_105,P27,102,sugar,sugar,spices and herbs and sauces,17071,284.52,17466,291.10,7,6.58
P27_105,P27,164,sandwich,sandwich,prepared food,27001,450.02,44181,736.35,64,286.33
P27_105,P27,33,bread,bread,baked goods and grains,27595,459.92,40354,672.57,63,212.65
P27_105,P27,156,salami,ham,meat and substitute,32988,549.80,38196,636.60,36,86.80
P27_105,P27,32,cheese,mozzarella,dairy and eggs,34785,579.75,38113,635.22,38,55.47
P28_05,P28,30,potato,potato,vegetables,1471,24.52,2018,33.63,6,9.12
P28_05,P28,67,aubergine,aubergine,vegetables,2371,39.52,13894,231.57,20,192.05
P28_05,P28,76,courgette,courgette,vegetables,3345,55.75,8677,144.62,26,88.87
P28_05,P28,94,vegetable,vegetable,vegetables,3345,55.75,30909,515.15,20,459.40
P28_05,P28,128,onion:spring,spring onion,vegetables,13868,231.13,16136,268.93,14,37.80
P28_05,P28,16,onion,onion,vegetables,16374,272.90,17451,290.85,4,17.95
P28_05,P28,37,pepper,pepper,vegetables,20218,336.97,26244,437.40,12,100.43
P28_05,P28,41,carrot,carrot,vegetables,26437,440.62,30797,513.28,21,72.67
P28_06,P28,27,water,water,drinks,206,3.43,41454,690.90,17,687.47
P28_06,P28,169,parsley,parsley,spices and herbs and sauces,5282,88.03,17719,295.32,54,207.28
P28_06,P28,94,vegetable,vegetable,vegetables,12097,201.62,40620,677.00,68,475.38
P28_06,P28,31,oil,oil,spices and herbs and sauces,20580,343.00,35627,593.78,15,250.78
P28_06,P28,38,salt,salt,spices and herbs and sauces,21266,354.43,35627,593.78,19,239.35
P28_06,P28,206,paprika,paprika,spices and herbs and sauces,21531,358.85,35627,593.78,16,234.93
P28_06,P28,211,turmeric,turmeric,spices and herbs and sauces,22031,367.18,35627,593.78,19,226.60
P28_06,P28,47,sauce,sauce,spices and herbs and sauces,23304,388.40,23785,396.42,3,8.02
P28_06,P28,37,pepper,black pepper,vegetables,31304,521.73,35627,593.78,13,72.05
P28_101,P28,33,bread,bread slice,baked goods and grains,1021,17.02,26203,436.72,24,419.70
P28_101,P28,43,tomato,tomato,vegetables,3196,53.27,28642,477.37,58,424.10
P28_101,P28,51,garlic,garlic,vegetables,3930,65.50,25651,427.52,43,362.02
P28_101,P28,27,water,water,drinks,5506,91.77,33636,560.60,20,468.83
P28_101,P28,38,salt,salt,spices and herbs and sauces,11150,185.83,29144,485.73,10,299.90
P28_101,P28,31,oil,oil,spices and herbs and sauces,11426,190.43,29047,484.12,8,293.68
P28_101,P28,150,liquid,liquid,other,14276,237.93,14276,237.93,1,0.00
P28_101,P28,32,cheese,mozzarella,dairy and eggs,15701,261.68,26203,436.72,24,175.03
P28_101,P28,34,food,mozzarella meal,prepared food,27325,455.42,28642,477.37,5,21.95
P28_103,P28,27,water,water,drinks,1251,20.85,88226,1470.43,30,1449.58
P28_103,P28,51,garlic,garlic,vegetables,2726,45.43,65576,1092.93,94,1047.50
P28_103,P28,16,onion,onion,vegetables,3117,51.95,38751,645.85,80,593.90
P28_103,P28,41,carrot,carrot,vegetables,5126,85.43,37901,631.68,74,546.25
P28_103,P28,30,potato,potato,vegetables,6971,116.18,38751,645.85,80,529.67
P28_103,P28,37,pepper,pepper,vegetables,39434,657.23,82988,1383.13,16,725.90
P28_103,P28,206,paprika,paprika,spices and herbs and sauces,39513,658.55,83726,1395.43,14,736.88
P28_103,P28,38,salt,salt,spices and herbs and sauces,39992,666.53,81976,1366.27,7,699.73
P28_103,P28,31,oil,oil,spices and herbs and sauces,40213,670.22,81459,1357.65,20,687.43
P28_103,P28,94,vegetable,vegetable,vegetables,47001,783.35,76501,1275.02,83,491.67
P28_103,P28,185,bean:green,green bean,vegetables,48476,807.93,48601,810.02,2,2.08
P28_103,P28,43,tomato,chopped tomato,vegetables,68301,1138.35,77338,1288.97,13,150.62
P28_103,P28,34,food,food,prepared food,77632,1293.87,87076,1451.27,54,157.40
P28_103,P28,169,parsley,parsley,spices and herbs and sauces,79076,1317.93,79076,1317.93,1,0.00
P28_109,P28,146,banana,banana,fruits and nuts,1525,25.42,2373,39.55,6,14.13
P28_109,P28,138,powder,powder,spices and herbs and sauces,1728,28.80,2373,39.55,4,10.75
P28_109,P28,209,drink,almond drink,drinks,1998,33.30,10315,171.92,20,138.62
P28_109,P28,115,spreads,honey,prepared food,2373,39.55,5915,98.58,5,59.03
P28_109,P28,178,blueberry,blueberry,fruits and nuts,2655,44.25,2797,46.62,2,2.37
P28_109,P28,127,oatmeal,oat,baked goods and grains,4051,67.52,10315,171.92,21,104.40
P28_109,P28,27,water,water,drinks,8282,138.03,9316,155.27,3,17.23
P28_112,P28,27,water,water,drinks,7634,127.23,16461,274.35,43,147.12
P28_113,P28,37,pepper,bell pepper,vegetables,9751,162.52,17901,298.35,39,135.83
P28_113,P28,169,parsley,parsley,spices and herbs and sauces,9838,163.97,11788,196.47,16,32.50
P28_113,P28,128,onion:spring,spring onion,vegetables,10676,177.93,25446,424.10,31,246.17
P28_113,P28,105,lemon,lemon,fruits and nuts,12513,208.55,12958,215.97,2,7.42
P28_113,P28,16,onion,onion,vegetables,13351,222.52,25180,419.67,24,197.15
P28_113,P28,27,water,water,drinks,16234,270.57,26177,436.28,18,165.72
P28_13,P28,31,oil,oil,spices and herbs and sauces,211,3.52,8169,136.15,16,132.63
P28_13,P28,38,salt,salt,spices and herbs and sauces,211,3.52,916,15.27,6,11.75
P28_13,P28,53,egg,egg,dairy and eggs,1422,23.70,8650,144.17,44,120.47
P28_14,P28,33,bread,bread,baked goods and grains,591,9.85,7207,120.12,33,110.27
P28_14,P28,32,cheese,cheese,dairy and eggs,5414,90.23,7207,120.12,20,29.88
P28_14,P28,31,oil,oil,spices and herbs and sauces,8491,141.52,8804,146.73,3,5.22
P28_14,P28,38,salt,salt,spices and herbs and sauces,8491,141.52,8902,148.37,4,6.85
P28_14,P28,27,water,water,drinks,9148,152.47,15486,258.10,14,105.63
P29_04,P29,99,cereal,cereal,baked goods and grains,2177,36.28,3891,64.85,7,28.57
P29_04,P29,64,milk,milk,dairy and eggs,3184,53.07,4203,70.05,7,16.98
P29_04,P29,132,tea,tea,drinks,7611,126.85,8469,141.15,7,14.30
P30_05,P30,16,onion,onion,vegetables,1127,18.78,47708,795.13,27,776.35
P30_05,P30,161,lime,lime,fruits and nuts,1809,30.15,190522,3175.37,87,3145.22
P30_05,P30,37,pepper,pepper,vegetables,8079,134.65,10136,168.93,7,34.28
P30_05,P30,105,lemon,lemon,fruits and nuts,11893,198.22,13505,225.08,8,26.87
P30_05,P30,27,water,water,drinks,14464,241.07,188360,3139.33,210,2898.27
P30_05,P30,196,coconut,coconut,fruits and nuts,17798,296.63,47708,795.13,32,498.50
P30_05,P30,131,ginger,ginger,spices and herbs and sauces,27365,456.08,59265,987.75,34,531.67
P30_05,P30,51,garlic,garlic bulb,vegetables,35838,597.30,59265,987.75,43,390.45
P30_05,P30,31,oil,olive oil,spices and herbs and sauces,44911,748.52,47395,789.92,11,41.40
P30_05,P30,34,food,food,prepared food,48074,801.23,193944,3232.40,181,2431.17
P30_05,P30,64,milk,coconut milk,dairy and eggs,68681,1144.68,69872,1164.53,5,19.85
P30_05,P30,95,stock,stock cube,spices and herbs and sauces,72456,1207.60,90392,1506.53,22,298.93
P30_05,P30,69,chilli,chilli,spices and herbs and sauces,76130,1268.83,103215,1720.25,22,451.42
P30_05,P30,85,spice,spice,spices and herbs and sauces,93319,1555.32,93525,1558.75,4,3.43
P30_05,P30,211,turmeric,turmeric,spices and herbs and sauces,93796,1563.27,93912,1565.20,2,1.93
P30_05,P30,47,sauce,fish sauce,spices and herbs and sauces,97497,1624.95,118272,1971.20,8,346.25
P30_05,P30,55,rice,rice,baked goods and grains,108076,1801.27,194133,3235.55,66,1434.28
P30_05,P30,119,fish,fish,meat and substitute,142515,2375.25,178145,2969.08,8,593.83
P30_05,P30,41,carrot,carrot,vegetables,145825,2430.42,191624,3193.73,124,763.32
P30_05,P30,183,juice,lime juice,drinks,167510,2791.83,168922,2815.37,4,23.53
P30_05,P30,181,hummus,hummus,spices and herbs and sauces,190968,3182.80,191524,3192.07,8,9.27
P30_07,P30,27,water,water,drinks,645,10.75,14166,236.10,22,225.35
P30_07,P30,59,coffee,coffee,drinks,5555,92.58,10121,168.68,6,76.10
P30_07,P30,99,cereal,cereal,baked goods and grains,8660,144.33,16662,277.70,30,133.37
P30_07,P30,64,milk,soy milk,dairy and eggs,11919,198.65,13696,228.27,6,29.62
P30_101,P30,33,bread,pitta bread,baked goods and grains,23,0.38,31151,519.18,86,518.80
P30_101,P30,59,coffee,coffee,drinks,865,14.42,30330,505.50,72,491.08
P30_101,P30,27,water,water,drinks,2391,39.85,30867,514.45,72,474.60
P30_101,P30,181,hummus,hummus,spices and herbs and sauces,15477,257.95,25900,431.67,71,173.72
P30_107,P30,47,sauce,passata,spices and herbs and sauces,30437,507.28,30562,509.37,5,2.08
P30_107,P30,57,chicken,chicken,meat and substitute,30437,507.28,30537,508.95,5,1.67
P30_107,P30,125,corn,corn,vegetables,30782,513.03,47162,786.03,206,273.00
P30_107,P30,56,mushroom,mushroom,vegetables,30807,513.45,55909,931.82,97,418.37
P30_107,P30,62,leaf,pak choi leaf,vegetables,32312,538.53,37504,625.07,23,86.53
P30_107,P30,151,choi:pak,pak choi,vegetables,32730,545.50,36149,602.48,132,56.98
P30_107,P30,27,water,water,drinks,33580,559.67,37872,631.20,20,71.53
P30_107,P30,101,broccoli,broccoli,vegetables,36700,611.67,51260,854.33,139,242.67
P30_107,P30,37,pepper,pepper,vegetables,37404,623.40,44425,740.42,342,117.02
P30_107,P30,210,stalk,pepper stalk,vegetables,38429,640.48,39460,657.67,21,17.18
P30_107,P30,28,meat,meat,meat and substitute,57180,953.00,63953,1065.88,276,112.88
P30_107,P30,94,vegetable,vegetable piece,vegetables,57280,954.67,57544,959.07,10,4.40
P30_110,P30,132,tea,tea,drinks,96,1.60,330,5.50,4,3.90
P30_110,P30,27,water,water,drinks,773,12.88,11859,197.65,30,184.77
P30_110,P30,59,coffee,coffee,drinks,1186,19.77,11951,199.18,30,179.42
P30_110,P30,33,bread,pitta bread,baked goods and grains,1915,31.92,12509,208.48,18,176.57
P30_110,P30,34,food,stir fry,prepared food,3451,57.52,6382,106.37,20,48.85
P30_110,P30,45,pasta,spaghetti,baked goods and grains,3478,57.97,6382,106.37,11,48.40
P30_110,P30,181,hummus,hummus,spices and herbs and sauces,10927,182.12,11211,186.85,4,4.73
P30_111,P30,78,butter,butter,dairy and eggs,1979,32.98,2334,38.90,3,5.92
P30_111,P30,181,hummus,hummus,spices and herbs and sauces,1979,32.98,5207,86.78,13,53.80
P30_111,P30,91,pizza,pizza base,prepared food,2298,38.30,68182,1136.37,111,1098.07
P30_111,P30,43,tomato,passata/tomato puree,vegetables,2645,44.08,23686,394.77,8,350.68
P30_111,P30,27,water,water,drinks,4322,72.03,89763,1496.05,191,1424.02
P30_111,P30,31,oil,olive oil,spices and herbs and sauces,7902,131.70,30469,507.82,7,376.12
P30_111,P30,51,garlic,garlic,vegetables,8471,141.18,23129,385.48,49,244.30
P30_111,P30,16,onion,onion,vegetables,11063,184.38,65259,1087.65,94,903.27
P30_111,P30,71,mixture,passata mixture,prepared food,25580,426.33,58421,973.68,59,547.35
P30_111,P30,180,cellar:salt,pepper/salt cellar,containers,26698,444.97,27128,452.13,4,7.17
P30_111,P30,62,leaf,herb,vegetables,27901,465.02,28040,467.33,2,2.32
P30_111,P30,32,cheese,cheese,dairy and eggs,32264,537.73,59355,989.25,10,451.52
P30_111,P30,246,scotch:egg,scotch egg,prepared food,34014,566.90,36342,605.70,10,38.80
P30_111,P30,68,salad,salad,prepared food,34457,574.28,34702,578.37,4,4.08
P30_111,P30,37,pepper,pepper top,vegetables,48311,805.18,77510,1291.83,104,486.65
P30_111,P30,156,salami,salami,meat and substitute,59567,992.78,61135,1018.92,23,26.13
P30_111,P30,69,chilli,chilli flake,spices and herbs and sauces,66493,1108.22,66765,1112.75,2,4.53
P30_111,P30,189,ice,ice cube,other,79771,1329.52,80271,1337.85,9,8.33
P30_111,P30,209,drink,drink,drinks,82301,1371.68,90210,1503.50,12,131.82
P30_112,P30,91,pizza,pizza,prepared food,214,3.57,3531,58.85,45,55.28
P30_112,P30,180,cellar:salt,pepper cellar,containers,2255,37.58,2630,43.83,7,6.25
P30_112,P30,34,food,pizza topping,prepared food,3259,54.32,3531,58.85,6,4.53
P30_112,P30,27,water,water,drinks,3796,63.27,3860,64.33,3,1.07
P32_01,P32,27,water,water,drinks,350,5.83,27012,450.20,54,444.37
P32_01,P32,45,pasta,pasta,baked goods and grains,2852,47.53,29235,487.25,11,439.72
P32_01,P32,31,oil,oil,spices and herbs and sauces,7312,121.87,8951,149.18,4,27.32
P32_01,P32,69,chilli,hot pepper,spices and herbs and sauces,8620,143.67,8951,149.18,2,5.52
P32_01,P32,47,sauce,sauce,spices and herbs and sauces,9959,165.98,17013,283.55,14,117.57
P32_01,P32,102,sugar,sugar,spices and herbs and sauces,16790,279.83,17013,283.55,2,3.72
P32_07,P32,33,bread,sandwich bread,baked goods and grains,866,14.43,1564,26.07,4,11.63
P35_105,P35,56,mushroom,mushroom,vegetables,2888,48.13,80624,1343.73,173,1295.60
P35_105,P35,27,water,water,drinks,6126,102.10,72751,1212.52,75,1110.42
P35_105,P35,28,meat,meat,meat and substitute,11792,196.53,80624,1343.73,130,1147.20
P35_105,P35,38,salt,salt,spices and herbs and sauces,18582,309.70,81680,1361.33,2,1051.63
P35_105,P35,85,spice,spice,spices and herbs and sauces,18976,316.27,25821,430.35,10,114.08
P35_105,P35,75,flour,flour,baked goods and grains,27980,466.33,88857,1480.95,12,1014.62
P35_105,P35,143,cream,cream,dairy and eggs,51163,852.72,68901,1148.35,7,295.63
P35_105,P35,34,food,food,prepared food,80717,1345.28,106701,1778.35,84,433.07
P35_109,P35,27,water,water,drinks,9061,151.02,55467,924.45,65,773.43
P35_109,P35,64,milk,milk,dairy and eggs,15688,261.47,42991,716.52,42,455.05
P35_109,P35,59,coffee,coffee,drinks,19596,326.60,42771,712.85,37,386.25
P37_101,P37,57,chicken,chicken thigh,meat and substitute,512,8.53,68205,1136.75,129,1128.22
P37_101,P37,27,water,water,drinks,2696,44.93,82893,1381.55,133,1336.62
P37_101,P37,51,garlic,garlic,vegetables,12619,210.32,71691,1194.85,150,984.53
P37_101,P37,72,cucumber,cucumber,vegetables,15207,253.45,76336,1272.27,86,1018.82
P37_101,P37,192,wine,cooking wine,drinks,66956,1115.93,67073,1117.88,3,1.95
P37_101,P37,47,sauce,soy sauce,spices and herbs and sauces,68205,1136.75,68205,1136.75,1,0.00
P37_101,P37,173,coriander,coriander,spices and herbs and sauces,72355,1205.92,75572,1259.53,28,53.62
P37_101,P37,16,onion,onion,vegetables,75663,1261.05,83612,1393.53,29,132.48
P37_102,P37,126,soup,chicken thigh soup,prepared food,246,4.10,1876,31.27,14,27.17
P37_102,P37,57,chicken,chicken thigh,meat and substitute,1744,29.07,28592,476.53,36,447.47
P37_102,P37,27,water,water,drinks,1793,29.88,30228,503.80,45,473.92
P37_102,P37,41,carrot,carrot,vegetables,5559,92.65,33876,564.60,130,471.95
P37_103,P37,57,chicken,chicken thigh,meat and substitute,51,0.85,18044,300.73,125,299.88
P37_103,P37,28,meat,chicken meat,meat and substitute,171,2.85,18044,300.73,76,297.88
P37_103,P37,27,water,water,drinks,18185,303.08,18859,314.32,7,11.23
